Cards,,,,,,,,
 Fire Sigil,,,,,,,,
 Emblem of Shavka,,,,,,,,
 Fire Symbol,,,,,,,,
 Granite Coin,,,,,,,,
 Granite Monument,,,,,,,,
 Granite Waystone,,,,,,,,
 Shugo Standard,,,,,,,,
 Fire Animated Sentinel,,,,,,,,
 Helpful Doorbot,,,,,,,,
 Melt Down,,,,,,,,
 Trail Stories,,,,,,,,
" Akko, Inspired Artist",,,,,,,,
 Badlands Survivalist,,,,,,,,
 Blazing Salvo,,,,,,,,
 Bore,,,,,,,,
 Bottoms Up,,,,,,,,
 Brenn's Scrying,,,,,,,,
 Cautious Traveler,,,,,,,,
 Char,,,,,,,,
 Charchain Flail,,,,,,,,
 Chemical Rounds,,,,,,,,
 Cinder Clutch,,,,,,,,
 Drifter,,,,,,,,
 Eager Deputy,,,,,,,,
 Feed the Flames,,,,,,,,
 Fire Etchings,,,,,,,,
 Firebomb,,,,,,,,
 Firemane Cub,,,,,,,,
 Flame Blast,,,,,,,,
 Flamefang,,,,,,,,
 Forge Wolf,,,,,,,,
 From Within,,,,,,,,
 Furyblade,,,,,,,,
 Gleeful Firebrand,,,,,,,,
 Grenadin,,,,,,,,
 Grenadin Drone,,,,,,,,
 Heavy Axe,,,,,,,,
 Hidden Shiv,,,,,,,,
 Iceberg Frontrunner,,,,,,,,
 Iron Sword,,,,,,,,
 Kaleb's Intervention,,,,,,,,
" Kazuo, Melee Virtuoso",,,,,,,,
 Kennelmaster,,,,,,,,
 Kindling Carver,,,,,,,,
 Light 'em Up,,,,,,,,
 Light the Fuse,,,,,,,,
 Longbarrel,,,,,,,,
 Mindfire,,,,,,,,
 Needlespitter,,,,,,,,
 On the Hunt,,,,,,,,
 Oni Dragonsmith,,,,,,,,
 Oni Patrol,,,,,,,,
 Oni Ronin,,,,,,,,
 Phoenix Stone,,,,,,,,
 Pummel,,,,,,,,
 Pyroknight,,,,,,,,
 Rambot,,,,,,,,
 Research Assistant,,,,,,,,
 Ruin,,,,,,,,
 Ruinous Burst,,,,,,,,
 Rustling,,,,,,,,
 Ruthless Stranger,,,,,,,,
 Scrap Hound,,,,,,,,
 Shingane Mark,,,,,,,,
 Signal Flare,,,,,,,,
 Softfoot Burglar,,,,,,,,
 Stonehewer,,,,,,,,
 Temper,,,,,,,,
 Ticking Grenadin,,,,,,,,
 Torch,,,,,,,,
 Urn of Choking Embers,,,,,,,,
 Warhelm,,,,,,,,
 Wildcat,,,,,,,,
 Young Gun,,,,,,,,
 Ankle Cutter,,,,,,,,
 Ash Elemental,,,,,,,,
 Bladekin Apprentice,,,,,,,,
 Blazing Renegade,,,,,,,,
 Blinkwolf,,,,,,,,
 Blurreechaser,,,,,,,,
 Brazen Daredevil,,,,,,,,
 Breath of Voprex,,,,,,,,
 Casualties of the Cause,,,,,,,,
 Cauldron Cookbook,,,,,,,,
 Cinder Sprite,,,,,,,,
" Clodagh, Loyal Advisor",,,,,,,,
 Coalscrounger,,,,,,,,
 Combustion Cell,,,,,,,,
 Conflagrate,,,,,,,,
 Consuming Flames,,,,,,,,
 Covetous Stranger,,,,,,,,
 Daring Maneuver,,,,,,,,
 Darkblade Cutpurse,,,,,,,,
 Desperate Gambit,,,,,,,,
 Disassembler,,,,,,,,
 Edict of Shavka,,,,,,,,
 Factory Quota,,,,,,,,
 Firemane Lioness,,,,,,,,
 Flamebelcher,,,,,,,,
 Flamefang Charmer,,,,,,,,
 Flameheart Patroller,,,,,,,,
 Frontier Jito,,,,,,,,
 Grenarender,,,,,,,,
 Guns Blazing,,,,,,,,
 Hellhound,,,,,,,,
 Horde Duelist,,,,,,,,
 Hotblood Barbarian,,,,,,,,
 Hound,,,,,,,,
 Impatient Pyromage,,,,,,,,
 Incendiary Slagmite,,,,,,,,
 Into the Furnace,,,,,,,,
" Jishu, the Burning Brush",,,,,,,,
 Kaleb's Favor,,,,,,,,
 Kato Shade,,,,,,,,
" Kato, Arena Herald",,,,,,,,
 Miner's Musket,,,,,,,,
 Molten Phoenix,,,,,,,,
 Notorious Scoundrel,,,,,,,,
 Oni Cavediver,,,,,,,,
 Oni Forgemaster,,,,,,,,
 Oni Grunt,,,,,,,,
 Ornate Katana,,,,,,,,
 Overheating Minibot,,,,,,,,
 Piercing Shot,,,,,,,,
 Plunder,,,,,,,,
 Pyre Adept,,,,,,,,
 Quicktrigger Outlaw,,,,,,,,
 Rakano Outlaw,,,,,,,,
 Rampage,,,,,,,,
 Relentless Pursuit,,,,,,,,
 Ruination Sledge,,,,,,,,
 Ruins Guide,,,,,,,,
 Scale Seeker,,,,,,,,
 Sear,,,,,,,,
 Shavka Evangel,,,,,,,,
 Shugo Tactic,,,,,,,,
 Slag,,,,,,,,
 Smith's Hammer,,,,,,,,
 Soldrain Smithing,,,,,,,,
 Sol's Fury,,,,,,,,
 Song of War,,,,,,,,
 Spark Hatcher,,,,,,,,
 Stronghold Vandal,,,,,,,,
 Tantrum,,,,,,,,
 Teething Whelp,,,,,,,,
 Tota Pioneer,,,,,,,,
 Trick Shot,,,,,,,,
 Tripwire Grenadin,,,,,,,,
 Unpredictable Outlaw,,,,,,,,
 Volatile Grenadin,,,,,,,,
 Volatility,,,,,,,,
 Warbrush Oni,,,,,,,,
 Yeti Cookmaster,,,,,,,,
 Yeti Pioneer,,,,,,,,
 Yeti Sage,,,,,,,,
 Zuberi's Longbow,,,,,,,,
 Ancient Defenses,,,,,,,,
 Assault Shield,,,,,,,,
 Assembly Line,,,,,,,,
 Backpacker's Machete,,,,,,,,
 Begin Anew,,,,,,,,
 Burningcore Drake,,,,,,,,
 Call to Arms,,,,,,,,
 Censari Brigand,,,,,,,,
 Censari Dervish,,,,,,,,
 Cinder Yeti,,,,,,,,
 Corrosive Dagger,,,,,,,,
 Coverfire Marksman,,,,,,,,
 Cozin Darkheart,,,,,,,,
 Draconic Ire,,,,,,,,
 Dragon Forge,,,,,,,,
 Dune Painter,,,,,,,,
 Emberfury Blade,,,,,,,,
" Endra, Champion of Shavka",,,,,,,,
 Fevered Scout,,,,,,,,
 Fire Conjuring,,,,,,,,
 Fireheart Recruit,,,,,,,,
 First-Shot Rioter,,,,,,,,
 Flametail Whip,,,,,,,,
 Frontier Bard,,,,,,,,
 Funeral Pyre,,,,,,,,
 Gaudy Showman,,,,,,,,
 Gilded Flames,,,,,,,,
 Gold Mine,,,,,,,,
 Grandfather's Axe,,,,,,,,
 Granite Acolyte,,,,,,,,
 Granite Ring,,,,,,,,
 Grenade,,,,,,,,
 Hipshot,,,,,,,,
 Honor the Ancestors,,,,,,,,
 Hoof Slash,,,,,,,,
" Ijin, Walking Armory",,,,,,,,
 Ixtun Merchant,,,,,,,,
 Jawbone Hatchet,,,,,,,,
" Jekk, Mercenary Hunter",,,,,,,,
 Jekk's Takedown,,,,,,,,
 Kindle,,,,,,,,
 Lazy Firemane,,,,,,,,
 Magebreaker,,,,,,,,
 Manufacture,,,,,,,,
 Markmaker,,,,,,,,
 Markmaker Shade,,,,,,,,
 Mightweaver,,,,,,,,
" Milos Izalio, Heir to Rebellion",,,,,,,,
" Milos, Rebel Bomber",,,,,,,,
" Nika, the Freescaler",,,,,,,,
 Nimble Conscript,,,,,,,,
 Oni Eulogist,,,,,,,,
 Oni Quartermaster,,,,,,,,
 Pillage,,,,,,,,
 Praxis Outlaw,,,,,,,,
 Praxis Trove,,,,,,,,
 Purge the Darkness,,,,,,,,
 Quake Titan,,,,,,,,
 Rakano Flagbearer,,,,,,,,
 Rally,,,,,,,,
 Razorwire Totemite,,,,,,,,
 Rebel Sharpshooter,,,,,,,,
 Redmask Warrior,,,,,,,,
 Refracted Sentinel,,,,,,,,
" Rika, Desert Navigator",,,,,,,,
 Ruby Catalyst,,,,,,,,
 Ruincrawler Yeti,,,,,,,,
 Rust Machine,,,,,,,,
 Rusty Grenamotive,,,,,,,,
 Scrap Heap,,,,,,,,
 Shardling,,,,,,,,
 Shattered Sentinel,,,,,,,,
 Shavka's Lute,,,,,,,,
 Shavka's Song,,,,,,,,
 Shiftstone Processor,,,,,,,,
 Shogun's Scepter,,,,,,,,
 Sizzleback Salamander,,,,,,,,
 Skycrag Huntsman,,,,,,,,
 Slagfury Berserker,,,,,,,,
 Sparkbot,,,,,,,,
 Steamrider,,,,,,,,
 Stonescar Excavator,,,,,,,,
 Stoneshaker,,,,,,,,
 Streets Aflame,,,,,,,,
 Temple Raider,,,,,,,,
 Toppletower,,,,,,,,
 Touch of Force,,,,,,,,
 Tumblebang,,,,,,,,
 Twinbarrel,,,,,,,,
" Vadius, Proud Duelist",,,,,,,,
 Warpainter,,,,,,,,
 Won't Be Pretty,,,,,,,,
" Aika, Whirling Death",,,,,,,,
 Arms Enthusiast,,,,,,,,
 Audacious Bandit,,,,,,,,
 Barbarian Camp,,,,,,,,
 Bladecrafter,,,,,,,,
 Bladecrafter Shade,,,,,,,,
 Bladerang,,,,,,,,
 Burn Out,,,,,,,,
 Centaur Outrider,,,,,,,,
 Cindermaw Tota,,,,,,,,
 Clan Wallbreaker,,,,,,,,
 Clan Warrior,,,,,,,,
 Cloud of Ash,,,,,,,,
 Crimson Firemaw,,,,,,,,
" Criva, the Crimson Scythe",,,,,,,,
 Doorknocker,,,,,,,,
 Dramatist's Mask,,,,,,,,
" Ferno, Rageborn",,,,,,,,
 Flamebrewer,,,,,,,,
 Furious Compulsion,,,,,,,,
 Furnace Mage,,,,,,,,
" Galai, Shavka's Listener",,,,,,,,
 Gravemarker Oni,,,,,,,,
 Grenadin Cannoneer,,,,,,,,
 Groundbreaker,,,,,,,,
 Guerrilla Fighter,,,,,,,,
 Hardsight Cyclops,,,,,,,,
 Harmony of Flame,,,,,,,,
 Hellfire Oni,,,,,,,,
 Hunter's Shot,,,,,,,,
 Iceberg Scattershot,,,,,,,,
 Jawbone Greatsword,,,,,,,,
 Kaleb's Persuader,,,,,,,,
 Kaleb's Sanctum,,,,,,,,
" Kyojun, Grand Shugo",,,,,,,,
 Library Phoenix,,,,,,,,
 Magma Javelin,,,,,,,,
 Mining Team,,,,,,,,
 Moment of Triumph,,,,,,,,
 Morningstar,,,,,,,,
 Oni Battledriver,,,,,,,,
 Outlands Brute,,,,,,,,
 Outlands Sniper,,,,,,,,
 Outlaw Ringleader,,,,,,,,
 Overheat,,,,,,,,
 Raging Firemaw,,,,,,,,
 Rebel Illuminator,,,,,,,,
 Recogulator,,,,,,,,
 Reforge,,,,,,,,
 Relentless Combatant,,,,,,,,
 Ruckus Rouser,,,,,,,,
 Scalechannel Sorcerer,,,,,,,,
 Shingane Firebrand,,,,,,,,
 Siege Breaker,,,,,,,,
 Siege Train,,,,,,,,
 Spitfire,,,,,,,,
 Steelfang Chakram,,,,,,,,
 Stonescar Sawed-Off,,,,,,,,
 Surveilor,,,,,,,,
 Swift Stranger,,,,,,,,
 Tattoo Dragon,,,,,,,,
 Thunderhoof Warrior,,,,,,,,
 Tota Colony,,,,,,,,
 Trailtorch Cinderpaw,,,,,,,,
 Wandering Forge,,,,,,,,
 Warhorn,,,,,,,,
 Welding Torch,,,,,,,,
" Yushkov, the Usurper",,,,,,,,
" Zuberi, Outlands Warlord",,,,,,,,
 Ashen Snakepit,,,,,,,,
 Bait,,,,,,,,
 Burning Claw,,,,,,,,
 Calderan Gunsmith,,,,,,,,
 Centaur Raidleader,,,,,,,,
 Clandestine Shotgun,,,,,,,,
 Combustion Brawler,,,,,,,,
 Dancing Flame,,,,,,,,
 Darkfyre,,,,,,,,
 Demand Death,,,,,,,,
 Dramatic Exit,,,,,,,,
 Dustblind,,,,,,,,
 Dusthoof Brawler,,,,,,,,
 Eclipse Dragon,,,,,,,,
 Fiery Fissure,,,,,,,,
 Flamekeeper,,,,,,,,
 Flash Fire,,,,,,,,
 Forge Fire,,,,,,,,
" Ghodan, Undefeated",,,,,,,,
 Grizzled Quickshot,,,,,,,,
 Gun Down,,,,,,,,
 Gunrunner,,,,,,,,
 Hordeleader,,,,,,,,
 Hotbarrel Revolver,,,,,,,,
 Inferno Brood,,,,,,,,
 Inferno Zealot,,,,,,,,
 Infernus,,,,,,,,
 Inner Fire,,,,,,,,
" Jekk, Hunted Fugitive",,,,,,,,
 Living Mountain,,,,,,,,
 Magmahound,,,,,,,,
 Obliterate,,,,,,,,
 Oni Striker,,,,,,,,
 Parapet Sentry,,,,,,,,
 Pit Fighter,,,,,,,,
 Poacher's Rifle,,,,,,,,
 Pouncing Drake,,,,,,,,
 Powderkeg Rider,,,,,,,,
 Rallying Sergeant,,,,,,,,
 Robobuddy,,,,,,,,
 Shingane Forge,,,,,,,,
 Shogun of the Wastes,,,,,,,,
 Slayer's Edge,,,,,,,,
 Staff of the Arch-Magister,,,,,,,,
 Stonepowder Heretic,,,,,,,,
 Thunder of Wings,,,,,,,,
 Valley of the Ancients,,,,,,,,
 Waystone Elemental,,,,,,,,
 Wildfire Censari,,,,,,,,
" Yushkov, Brutal Tyrant",,,,,,,,
 Armed and Dangerous,,,,,,,,
 Bad News,,,,,,,,
 Barkeep's Friend,,,,,,,,
 Birthright,,,,,,,,
 Blademaster Daimyo,,,,,,,,
" Brand, Without Fear",,,,,,,,
 Cannonbearer,,,,,,,,
 Crowd Favorite,,,,,,,,
 Dashing Rapscallion,,,,,,,,
 End of the Barrel,,,,,,,,
 Flamestoker,,,,,,,,
 Frontline Cyclops,,,,,,,,
 General Izalio,,,,,,,,
 Hellfire Rifle,,,,,,,,
 Heretic's Cannon,,,,,,,,
 Lord Ragnar,,,,,,,,
" Midias, Leyline Dragon",,,,,,,,
 Molten Fist,,,,,,,,
 Oni Gunwright,,,,,,,,
 Outdraw,,,,,,,,
 Phoenix Hammer,,,,,,,,
 Pyre Elemental,,,,,,,,
 Shingane Captain,,,,,,,,
 Sky Terror,,,,,,,,
 Soulfire Drake,,,,,,,,
 Stonepowder Bomber,,,,,,,,
 Stonescar Maul,,,,,,,,
 Sunscorched Elemental,,,,,,,,
 Sureshot,,,,,,,,
 Tempered Sentinel,,,,,,,,
 Waystone Titan,,,,,,,,
 Worldpyre Phoenix,,,,,,,,
 Aspect of Destruction,,,,,,,,
" Brenn, Arch-Magister",,,,,,,,
 Burning Glaive,,,,,,,,
 Clan Barracks,,,,,,,,
 Claw of the First Dragon,,,,,,,,
 Core Scavenger,,,,,,,,
 Final Shot,,,,,,,,
 Forgeborn,,,,,,,,
 Gearcruncher,,,,,,,,
 Headshot,,,,,,,,
 Improvised Rubbler,,,,,,,,
" Kaleb, Claimless",,,,,,,,
 Rock Carapace,,,,,,,,
 Shavka's Stranger,,,,,,,,
 Shugo's Hooked Sword,,,,,,,,
 Skyfire Hellkite,,,,,,,,
 Steelbound Dragon,,,,,,,,
 Stonesmelt Dragon,,,,,,,,
 Arcanum Battery,,,,,,,,
 Dracoshaman Circlet,,,,,,,,
 Great-Kiln Titan,,,,,,,,
 Hammerhand,,,,,,,,
 Hammerhand Shade,,,,,,,,
 Heroic Bravo,,,,,,,,
" Kaleb, Uncrowned Prince",,,,,,,,
 Magmatic Sentinel,,,,,,,,
 Twinflame,,,,,,,,
 Xo of the Endless Hoard,,,,,,,,
 Lavablood Goliath,,,,,,,,
 Shavka's Embrace,,,,,,,,
" Sindok, Rage Incarnate",,,,,,,,
 Spear of the Dying Sun,,,,,,,,
 Zaxo Leviathan,,,,,,,,
 First Flame,,,,,,,,
 Time Sigil,,,,,,,,
 Amber Coin,,,,,,,,
 Amber Monument,,,,,,,,
 Amber Waystone,,,,,,,,
 Emblem of Grodov,,,,,,,,
 Temple Standard,,,,,,,,
 Time Symbol,,,,,,,,
 Azurite Prixis,,,,,,,,
 Reap,,,,,,,,
 Sand Warrior,,,,,,,,
 Scorpion Trap,,,,,,,,
 Time Animated Sentinel,,,,,,,,
 Unearth the Past,,,,,,,,
 Alluring Qirin,,,,,,,,
 Amaran Shoveler,,,,,,,,
 Ancient Bauble,,,,,,,,
 Araktodon Egg,,,,,,,,
 Arcanum Elite,,,,,,,,
 Ardent Convert,,,,,,,,
 Aspirant's Robes,,,,,,,,
 Auralian Infestation,,,,,,,,
 Auralian Restorationist,,,,,,,,
 Be Gone,,,,,,,,
 Borderlands Lookout,,,,,,,,
 Calibrate,,,,,,,,
 Cloak of Moments,,,,,,,,
 Crack the Earth,,,,,,,,
 Crested Runt,,,,,,,,
 Cult Aspirant,,,,,,,,
 Desperate Courier,,,,,,,,
 Entrancer,,,,,,,,
 Envelop,,,,,,,,
 Excavate,,,,,,,,
 Excavation Assistant,,,,,,,,
 Forget,,,,,,,,
 From Below,,,,,,,,
" Ghar, Master Sandmage",,,,,,,,
 Gloaming Wisp,,,,,,,,
 Hesitate,,,,,,,,
 Humbug,,,,,,,,
 Infinite Hourglass,,,,,,,,
 Initiate of the Sands,,,,,,,,
 Ixtol's Pendant,,,,,,,,
 Jibbering Jackal,,,,,,,,
 Journey Guide,,,,,,,,
 Lucky Prospector,,,,,,,,
 Meditation,,,,,,,,
 Mettle,,,,,,,,
 Monk Innervator,,,,,,,,
 Ornamental Daggers,,,,,,,,
 Pathlighter,,,,,,,,
 Pause for Reflection,,,,,,,,
 Phase Out,,,,,,,,
 Potion of Alacrity,,,,,,,,
 Precision Plunge,,,,,,,,
 Predator's Instinct,,,,,,,,
 Randori,,,,,,,,
 Razortooth Aranha,,,,,,,,
 Sanctuary Priest,,,,,,,,
 Sandbind,,,,,,,,
 Sandstorm Scarf,,,,,,,,
 Scorpion,,,,,,,,
 Shield of the Line,,,,,,,,
 Silence,,,,,,,,
 Sky Worshipper,,,,,,,,
 Slow,,,,,,,,
 Staff of Speed,,,,,,,,
 Talir's Intervention,,,,,,,,
 Time Etchings,,,,,,,,
 Time Flies,,,,,,,,
 Tough Tota,,,,,,,,
 Training Ground,,,,,,,,
 Twilight Hunt,,,,,,,,
 Wandering Wisp,,,,,,,,
 Water of Life,,,,,,,,
 Wildgrowth Druid,,,,,,,,
 Wisp,,,,,,,,
 Xultan Brushfang,,,,,,,,
 Accelerate,,,,,,,,
 Accelerated Impact,,,,,,,,
 Adolescent Deathjaw,,,,,,,,
 Amaran Armadillo,,,,,,,,
 Ancient Machinist,,,,,,,,
 Apprentice Mage,,,,,,,,
 Arcanum Hourglass,,,,,,,,
 Archmagister's Prophecy,,,,,,,,
 Ark of Sol,,,,,,,,
 Ask for Directions,,,,,,,,
 Bazaar Trickster,,,,,,,,
 Bold Adventurer,,,,,,,,
 Borderlands Trailcutter,,,,,,,,
 Burdenbearer Wisp,,,,,,,,
 Chant to Grodov,,,,,,,,
 Copper Conduit,,,,,,,,
 Cryptic Etchings,,,,,,,,
 Cryptic Master,,,,,,,,
 Desert Alchemist,,,,,,,,
 Devotee of the Sands,,,,,,,,
 Disciplinary Weights,,,,,,,,
 Disjunction,,,,,,,,
 Displaced Oryctodon,,,,,,,,
 Dissociate,,,,,,,,
 Earth Elemental,,,,,,,,
 Ephemeral Wisp,,,,,,,,
" Evelina, Valley Searcher",,,,,,,,
 Expedition Leader,,,,,,,,
 Feral Mandrake,,,,,,,,
 Find the Way,,,,,,,,
 Forgotten Find,,,,,,,,
 Friendly Wisp,,,,,,,,
 Glasshopper,,,,,,,,
 Glimpse the Possibilities,,,,,,,,
 Grodov Evangel,,,,,,,,
 High Prophet of Sol,,,,,,,,
 Illumination Wisp,,,,,,,,
 Inner-Peace Ascendant,,,,,,,,
 Inspiring Captain,,,,,,,,
 Last Rites,,,,,,,,
 Learned Herbalist,,,,,,,,
 Living Example,,,,,,,,
 Living Offering,,,,,,,,
 Locust,,,,,,,,
 Lurking Raptors,,,,,,,,
 Magnificent Stranger,,,,,,,,
 Monk,,,,,,,,
 Nocturnal Creeper,,,,,,,,
 Oasis Seeker,,,,,,,,
 Packbeast,,,,,,,,
 Platinum Qirin,,,,,,,,
 Porcelain Mask,,,,,,,,
 Power Stone,,,,,,,,
 Refresh,,,,,,,,
 Resolute Monk,,,,,,,,
 Sand Viper,,,,,,,,
 Sandglass Parma,,,,,,,,
 Sandstorm,,,,,,,,
 Sauropod Wrangler,,,,,,,,
 Shardbinder,,,,,,,,
 Snapping Hydrangea,,,,,,,,
 Spiketail Qirin,,,,,,,,
 Sudden Stampede,,,,,,,,
 Sustaining Harp,,,,,,,,
 Synchronized Strike,,,,,,,,
 Talir's Favored,,,,,,,,
 Teacher of Humility,,,,,,,,
 Teleport,,,,,,,,
 Temple Scribe,,,,,,,,
 Temple Tactic,,,,,,,,
 Tome of Repetition,,,,,,,,
 Touch of Battle,,,,,,,,
 Trail Maker,,,,,,,,
 Trail Runner,,,,,,,,
 Unmake,,,,,,,,
 Vapor Hut,,,,,,,,
 Viper Fang,,,,,,,,
 Voice of the Speaker,,,,,,,,
 Wurm Bait,,,,,,,,
 Xenan Initiation,,,,,,,,
 Ageless Mentor,,,,,,,,
 Amaran Stinger,,,,,,,,
 Amber Acolyte,,,,,,,,
 Amber Ring,,,,,,,,
 Antique Polisher,,,,,,,,
 Archmagister's Portal,,,,,,,,
 Auralian Merchant,,,,,,,,
 Avirax Familiar,,,,,,,,
 Awaken the Ages,,,,,,,,
Baying Serasaur,,,,,,,,
 Blink,,,,,,,,
 Bulbous Humbug,,,,,,,,
 Clockroach,,,,,,,,
 Dawnwalker,,,,,,,,
 Death Pit,,,,,,,,
 Decay,,,,,,,,
 Deft Strike,,,,,,,,
 Determined Stranger,,,,,,,,
 Dig Site,,,,,,,,
 Dilphex Stalker,,,,,,,,
 Disciplined Amanera,,,,,,,,
 Dispel,,,,,,,,
 Dune Phantom,,,,,,,,
 Dunediver,,,,,,,,
 Eager Offering,,,,,,,,
 Earth Conjuring,,,,,,,,
 Gear Master,,,,,,,,
" Gnash, Unrelenting",,,,,,,,
 Gravetender,,,,,,,,
 Gravewatch Ancestor,,,,,,,,
 Humbug Nest,,,,,,,,
 Initiation Bell,,,,,,,,
" Kimi, Expedition Guide",,,,,,,,
 Land's Edge,,,,,,,,
 Lastlight Infusion,,,,,,,,
 Lunar Magus,,,,,,,,
 Master Conjurer,,,,,,,,
 Mesmerized Moth,,,,,,,,
 Moondial,,,,,,,,
 Novice Entomancer,,,,,,,,
 Oasis Sanctuary,,,,,,,,
 Omnivorous Vorlunk,,,,,,,,
 Patience,,,,,,,,
 Perilous Research,,,,,,,,
 Pesky Seedling,,,,,,,,
 Pesky Seedling Shade,,,,,,,,
 Premonition Wisp,,,,,,,,
 Proselytize,,,,,,,,
 Pulsing Blob,,,,,,,,
 Quicksilver Ooze,,,,,,,,
 Ravenous Wurm,,,,,,,,
 Rebuild,,,,,,,,
 Rectifier,,,,,,,,
 Rectifier Shade,,,,,,,,
 Reliquary Raider,,,,,,,,
 Sand Tornado,,,,,,,,
 Sandcrawler,,,,,,,,
 Sandspitter,,,,,,,,
 Scorpion Wasp,,,,,,,,
 Search Party,,,,,,,,
 Seasoned Spelunker,,,,,,,,
 Secret Pages,,,,,,,,
 Serene Excavator,,,,,,,,
 Shepherd's Horn,,,,,,,,
 Sirocco Elementalist,,,,,,,,
 Spiteful Lumen,,,,,,,,
 Stillweave Shroud,,,,,,,,
 Submerged Titan,,,,,,,,
 Swaying Sea Qirin,,,,,,,,
 Swirl the Sands,,,,,,,,
 Talir's Sanctum,,,,,,,,
" Tocas, Waystone Harvester",,,,,,,,
 Tota Circle,,,,,,,,
 Trickster Mage,,,,,,,,
 Turn Back Time,,,,,,,,
 Unlock Potential,,,,,,,,
 Unraveling Fanatic,,,,,,,,
 Watchful Amanera,,,,,,,,
 Waystone Gate,,,,,,,,
 Wilderness Refuge,,,,,,,,
 Worldly Cleric,,,,,,,,
 Wurmcalling,,,,,,,,
 Ageless Sentinel,,,,,,,,
 Ancestral Oasis,,,,,,,,
 Ancient Clocktower,,,,,,,,
 Ancient Lore,,,,,,,,
 Arcane Restraint,,,,,,,,
 Archive Curator,,,,,,,,
 Beckoning Lumen,,,,,,,,
 Blurhaze Wurm,,,,,,,,
 Bolster,,,,,,,,
 Brightling,,,,,,,,
 Call for Aid,,,,,,,,
 Camp Physician,,,,,,,,
 Clock of Stolen Hours,,,,,,,,
 Cult Recruiter,,,,,,,,
" Cykalis, the Burning Sand",,,,,,,,
 Devoted Theurge,,,,,,,,
 Edict of Grodov,,,,,,,,
 Eternity Core,,,,,,,,
 Fantastic Revelation,,,,,,,,
 Fierce Mosaraptor,,,,,,,,
 Gathering Lights,,,,,,,,
 Gentle Grazer Shade,,,,,,,,
" Gnash, Pridemaster",,,,,,,,
 Healer's Cloak,,,,,,,,
 Hissing Spiketail,,,,,,,,
 Horned Vorlunk,,,,,,,,
 Insatiable Serasaur,,,,,,,,
 Insistent Automaton,,,,,,,,
 Leyline Tracer,,,,,,,,
 Lost in the Mist,,,,,,,,
 Lumen Attendant,,,,,,,,
 Lumen Reclaimer,,,,,,,,
 Maddening Whisper,,,,,,,,
 Marisen's Disciple,,,,,,,,
 Memento Mori,,,,,,,,
 Mute,,,,,,,,
 Panoptic Guardian,,,,,,,,
 Pompous Historian,,,,,,,,
 Primeval Plover,,,,,,,,
 Saber-Tooth Prideleader,,,,,,,,
 Sandspout Mirage,,,,,,,,
 Sandstorm Titan,,,,,,,,
 Sauropod Crasher,,,,,,,,
 Sirocco Glider,,,,,,,,
 Snapping Brushstalker,,,,,,,,
 Steward of Prophecy,,,,,,,,
 Stinging Wind,,,,,,,,
 Stirring Sand,,,,,,,,
 Striped Araktodon,,,,,,,,
 Temple Artisan,,,,,,,,
 Temporal Adept,,,,,,,,
 The Praxis Arcanum,,,,,,,,
 Thrashing Dune Wurm,,,,,,,,
 Timekeeper,,,,,,,,
 Towertop Patrol,,,,,,,,
 Twinfang Cobra,,,,,,,,
 Ubsat the Savior,,,,,,,,
 Vault of the Praxis,,,,,,,,
 Venom Rider,,,,,,,,
 Viper's Bite,,,,,,,,
 Waystone Fragment,,,,,,,,
" Woda, Grodov's Listener",,,,,,,,
 Wurmstone,,,,,,,,
 Xenan Guardian,,,,,,,,
 Xenan Obelisk,,,,,,,,
" Alhed, Mount Breaker",,,,,,,,
 Amaran Archaeologist,,,,,,,,
 Ancient Excavator,,,,,,,,
 Anthem of Grodov,,,,,,,,
 Awakened Sentinel,,,,,,,,
 Battery Mage,,,,,,,,
 Battle-Tested Stranger,,,,,,,,
" Braun, Regal Courier",,,,,,,,
 Bridled Sandstrider,,,,,,,,
 Confiscate,,,,,,,,
 Corrupted Behemoth,,,,,,,,
 Delay,,,,,,,,
 Epoch Infestation,,,,,,,,
 Etched Monolith,,,,,,,,
 First Watch,,,,,,,,
 Fishing Dinoch,,,,,,,,
 Frenzied Omnivore,,,,,,,,
 Gentle Grazer,,,,,,,,
 Gravewatch Guardian,,,,,,,,
 Grodov's Burden,,,,,,,,
 Horn of Plenty,,,,,,,,
 Idol of Destran,,,,,,,,
 Infused Guardian,,,,,,,,
" Ixtol, Champion of Grodov",,,,,,,,
 Lumen Defender,,,,,,,,
 Lumen Defense,,,,,,,,
 Mistress of Light,,,,,,,,
 Moonstone Vanguard,,,,,,,,
 Pensive Lumen,,,,,,,,
 Praxis Displacer,,,,,,,,
 Rhinarc,,,,,,,,
 Sage of Sands,,,,,,,,
 Sand Wurm,,,,,,,,
 Sandbinder Sentinel,,,,,,,,
 Seed of Creation,,,,,,,,
 Sentinel,,,,,,,,
 Silent Hysteria,,,,,,,,
 Striking Snake Formation,,,,,,,,
 Time Weaver,,,,,,,,
 Towering Terrazon,,,,,,,,
 Twinbrood Sauropod,,,,,,,,
 Venomous Mount,,,,,,,,
 Vinepetal Creeper,,,,,,,,
 Vital Arcana,,,,,,,,
 Waystone Infuser,,,,,,,,
 Worldbearer Behemoth,,,,,,,,
 Wurmic Chanter,,,,,,,,
" Xumucan, the Surveyor",,,,,,,,
 Bury the Past,,,,,,,,
 Disappear,,,,,,,,
 Divining Rod,,,,,,,,
 End of Days,,,,,,,,
" Gnash, Desert Prince",,,,,,,,
 Grodov's Favored,,,,,,,,
 Grodov's Stranger,,,,,,,,
 Hibernating Behemoth,,,,,,,,
 Humbug Swarm,,,,,,,,
 Invoke the Waystones,,,,,,,,
 Locust Hatcher,,,,,,,,
 Lumen Shepherd,,,,,,,,
 Majestic Mandrake,,,,,,,,
 Mystic Ascendant,,,,,,,,
Pack Hunt,,,,,,,,
 Passage of Eons,,,,,,,,
 Plated Goliath,,,,,,,,
 Powerbreach Sentinel,,,,,,,,
 Predatory Carnosaur,,,,,,,,
 Reality Snap,,,,,,,,
 Refreshing Waters,,,,,,,,
 Sentinel's Might,,,,,,,,
 Serasaur Bull,,,,,,,,
 Shadowlands Wanderer,,,,,,,,
 Sunset Enforcer,,,,,,,,
 Temple Captain,,,,,,,,
 Thundering Kerasaur,,,,,,,,
 Timeworn Sentinel,,,,,,,,
 Tomb Protector,,,,,,,,
" Touvon, Skybreak Giant",,,,,,,,
 Tremorshocker,,,,,,,,
 Voyaging Lumen,,,,,,,,
 Alarming Findings,,,,,,,,
 Ancient Terrazon,,,,,,,,
 Bhodi & Rox,,,,,,,,
 Corpsebloom,,,,,,,,
 Corpsebloom Shade,,,,,,,,
 Dormant Sentinel,,,,,,,,
 Elysian Pathfinder,,,,,,,,
 Enhanced Excavator,,,,,,,,
 Hall of Lost Kings,,,,,,,,
 Hunting Allosaur,,,,,,,,
 Lumen Colossus,,,,,,,,
" Merizo, Gladiator Hero",,,,,,,,
 Mountain Goliath,,,,,,,,
 Nahid's Distillation,,,,,,,,
 Pillar of Amar,,,,,,,,
" Ravid, Insect Master",,,,,,,,
 Reality Shift,,,,,,,,
 Rhinarc Huntpack,,,,,,,,
 Sanity's Anathema,,,,,,,,
 Sea of Teeth,,,,,,,,
 Subterranean Sentry,,,,,,,,
" Talir, Timeless",,,,,,,,
" Talir, Unbound",,,,,,,,
" Tesya, Omen Shaper",,,,,,,,
 Belching Behemoth,,,,,,,,
 Dinosaur Stampede,,,,,,,,
 Intriguing Ancient,,,,,,,,
" Marisen, the Eldest",,,,,,,,
 Omenscar Wurm,,,,,,,,
 Runic Protector,,,,,,,,
 Sol's Rest,,,,,,,,
" Talir, Who Sees Beyond",,,,,,,,
 Temporal Distortion,,,,,,,,
 Apex Predator,,,,,,,,
 Clocktower Sentinel,,,,,,,,
 Emerging Colossus,,,,,,,,
 Pit of Lenekta,,,,,,,,
 Scourstone Sentinel,,,,,,,,
 Blurred Stygimoloch,,,,,,,,
 Foraging Sauropod,,,,,,,,
 Royal Guardian,,,,,,,,
 Novaquake Titan,,,,,,,,
 Justice Sigil,,,,,,,,
 Crownwatch Standard,,,,,,,,
 Emblem of Kodosh,,,,,,,,
 Emerald Coin,,,,,,,,
 Emerald Monument,,,,,,,,
 Emerald Waystone,,,,,,,,
 Justice Symbol,,,,,,,,
 Bring to Justice,,,,,,,,
 Endure,,,,,,,,
 Harmless Question,,,,,,,,
 Pacify,,,,,,,,
 Watchman,,,,,,,,
 Adjudicator's Gavel,,,,,,,,
 Bouldergate Guard,,,,,,,,
 Bubble Shield,,,,,,,,
 Crown Patroller,,,,,,,,
 Crownwatch Squire,,,,,,,,
 Deafening Word,,,,,,,,
 Defiance,,,,,,,,
 Detain,,,,,,,,
 District Infantry,,,,,,,,
 Draw Strength,,,,,,,,
 Elder's Feather,,,,,,,,
 Embargo Officer,,,,,,,,
 Ensnare,,,,,,,,
 Fearless Crescendo,,,,,,,,
 Finest Hour,,,,,,,,
 Flash Grenade,,,,,,,,
 From Anguish,,,,,,,,
 Ghostblade Outcast,,,,,,,,
 Headhunter,,,,,,,,
 Heist,,,,,,,,
 Humble Instructor,,,,,,,,
 Inflict Conscience,,,,,,,,
 Ironfist Faithful,,,,,,,,
 Justice Etchings,,,,,,,,
 Lingering Influence,,,,,,,,
 Minotaur Oathkeeper,,,,,,,,
 Noble Protector,,,,,,,,
 Oni Samurai,,,,,,,,
 Peacekeeper's Helm,,,,,,,,
 Prancing Gryffyn,,,,,,,,
 Press the Advantage,,,,,,,,
 Rolant's Intervention,,,,,,,,
 Seneschal of Light,,,,,,,,
 Sharpened Reflex,,,,,,,,
" Shen-Ra, Unbreakable",,,,,,,,
 Silverblade Intrusion,,,,,,,,
 Spire Spellsword,,,,,,,,
 Steadfast Deputy,,,,,,,,
 Steady Marshal,,,,,,,,
 Svetya's Bravery,,,,,,,,
 Tinker Apprentice,,,,,,,,
 Trickshot Ruffian,,,,,,,,
 Unmoored Valkyrie,,,,,,,,
 Valkyrie,,,,,,,,
 Valkyrie Aspirant,,,,,,,,
 Warfront Missionary,,,,,,,,
 Whetstone,,,,,,,,
 Arcane Defense,,,,,,,,
 Argenport Soldier,,,,,,,,
 Audacious Ruse,,,,,,,,
 Axe Sharpener,,,,,,,,
 Badge of Honor,,,,,,,,
 Bar the Gates,,,,,,,,
 Barrel Through,,,,,,,,
 Barricade,,,,,,,,
 Chainwhip Bludgeoner,,,,,,,,
 Chancellor's Horn,,,,,,,,
 Copperhall Herald,,,,,,,,
 Copperhall Porter,,,,,,,,
 Crackshot Fugitive,,,,,,,,
 Crownwatch Longsword,,,,,,,,
 Crownwatch Paladin,,,,,,,,
 Crownwatch Tactic,,,,,,,,
 Curfew Enforcement,,,,,,,,
 Eager Owlet,,,,,,,,
 Edict of Kodosh,,,,,,,,
" Eloz, Nightmare General",,,,,,,,
 Encouragement,,,,,,,,
 Fall Short,,,,,,,,
 Golem Press,,,,,,,,
 Greenstone Officer,,,,,,,,
" Hanaka, Loremaster",,,,,,,,
" Hojan, Crownbreaker",,,,,,,,
" Icaria, Valkyrie Captain",,,,,,,,
 Inspire,,,,,,,,
 Ironfist Chancellor,,,,,,,,
 Isolate,,,,,,,,
 Just Desserts,,,,,,,,
" Kira, the Prodigy",,,,,,,,
 Kodosh Evangel,,,,,,,,
 Kosul Diplomat,,,,,,,,
 Lay Siege,,,,,,,,
 Master-at-Arms,,,,,,,,
 Minotaur,,,,,,,,
 Minotaur Grunt,,,,,,,,
 Monument Curator,,,,,,,,
 Outcast Elite,,,,,,,,
 Paladin Oathbook,,,,,,,,
 Pioneering Aviator,,,,,,,,
 Privilege of Rank,,,,,,,,
 Protect,,,,,,,,
 Rampart Protector,,,,,,,,
 Rebuke,,,,,,,,
 Reinforce,,,,,,,,
 Reinvigorate,,,,,,,,
 Relentless Deadshot,,,,,,,,
 Reweave,,,,,,,,
 Rilgon's Disciple,,,,,,,,
 Rolant's Favor,,,,,,,,
 Shamebearer,,,,,,,,
 Siege Provisions,,,,,,,,
 Silver Shortsword,,,,,,,,
" Siraf, Grand Strategist",,,,,,,,
 Soaring Guard,,,,,,,,
 Soldier,,,,,,,,
 Solemn Clergy,,,,,,,,
 Sparring Partner,,,,,,,,
 Stalwart Silverwing,,,,,,,,
 Stand Strong,,,,,,,,
 Steadfast Paladin,,,,,,,,
 Steel Golem,,,,,,,,
 Steely Stranger,,,,,,,,
 Strength of Many,,,,,,,,
 Svetya's Faithful,,,,,,,,
 Talon of Nostrix,,,,,,,,
 Tax Collector,,,,,,,,
 Timidity,,,,,,,,
 Tinker,,,,,,,,
 Tinker Overseer,,,,,,,,
 Touch of Grace,,,,,,,,
 Touch of Purity,,,,,,,,
 Tranquil Scholar,,,,,,,,
 Unwavering Exorcist,,,,,,,,
 Vanquisher's Blade,,,,,,,,
 Wanted Poster,,,,,,,,
 Willbreaker,,,,,,,,
 Willbreaker Shade,,,,,,,,
 Wind Elemental,,,,,,,,
 Workshop Tinker,,,,,,,,
 Xultan Paladin,,,,,,,,
" Aali, Champion of Kodosh",,,,,,,,
 Auric Herdward,,,,,,,,
 Auric Lookout,,,,,,,,
 Auric Sentry,,,,,,,,
" Bisma, Revered Elder",,,,,,,,
 Bladebreaker,,,,,,,,
 Brightmace Paladin,,,,,,,,
 Caravan Guard,,,,,,,,
 Copperhall Bailiff,,,,,,,,
 Copperhall Bracers,,,,,,,,
 Copperhall Cudgel,,,,,,,,
 Copperhall Marshal,,,,,,,,
 Copperhall Shieldman,,,,,,,,
 Crowd Queller,,,,,,,,
 Crownwatch Legionnaire,,,,,,,,
 Emerald Acolyte,,,,,,,,
 Emerald Incarnation,,,,,,,,
 Emerald Ring,,,,,,,,
 Enter the Monastery,,,,,,,,
 Equalize,,,,,,,,
 Etched Armor,,,,,,,,
 Fencing Master,,,,,,,,
 Forgemark Scrivener,,,,,,,,
 Frontline Volunteer,,,,,,,,
 Fur Hat,,,,,,,,
 Gilded Glaive,,,,,,,,
 Grit,,,,,,,,
 Guard Dog,,,,,,,,
 Herald of the Parliament,,,,,,,,
 Hero of the People,,,,,,,,
 Hexcaster,,,,,,,,
 Highbranch Sentry,,,,,,,,
 Hooru Envoy,,,,,,,,
 Inner Might,,,,,,,,
 Inspiring Leadership,,,,,,,,
 Jadehorn,,,,,,,,
 Jadehorn Shade,,,,,,,,
" Kemmo, Ijin's Apprentice",,,,,,,,
 Kemmo's Blueprints,,,,,,,,
 Kodosh's Armor,,,,,,,,
 Kodosh's Stranger,,,,,,,,
 Kosul Battlemage,,,,,,,,
 Kosul Bladebarrier,,,,,,,,
 Kosul Elite,,,,,,,,
 Kosul Recruit,,,,,,,,
" Lada, Svetya's Advisor",,,,,,,,
 Longhorn Treasurer,,,,,,,,
 Loyal Watchwing,,,,,,,,
 Luckbreaker Gryffyn,,,,,,,,
 Mark of Shame,,,,,,,,
 Master's Blade,,,,,,,,
 Miner's Canary,,,,,,,,
 Nivia's Inquisitor,,,,,,,,
 Oni Stalwart,,,,,,,,
 Order of the Spire,,,,,,,,
" Oskar, Chief Tinker",,,,,,,,
 Pristine Light,,,,,,,,
 Reinforced Baton,,,,,,,,
 Resounding Shockwave,,,,,,,,
 Retribution,,,,,,,,
 Righteous Intent,,,,,,,,
 Rolant's Memorial,,,,,,,,
 Rotorsmith,,,,,,,,
 Saddle Up,,,,,,,,
 Seasoned Drillmaster,,,,,,,,
 Shard of the Spire,,,,,,,,
 Showdown,,,,,,,,
 Signal Flag,,,,,,,,
 Silvercrest Purifier,,,,,,,,
 Silverwing Familiar,,,,,,,,
 Silverwing Smith,,,,,,,,
 Siphoner Paladin,,,,,,,,
 Siraf's Beacon,,,,,,,,
 Sky King Storyteller,,,,,,,,
 Soothing Shortbeak,,,,,,,,
 Spellstrike Sorceress,,,,,,,,
 Spire Chaplain,,,,,,,,
 Spirit Guide,,,,,,,,
 Steel-Eyed Pistoleer,,,,,,,,
" Stella, the Shotcaller",,,,,,,,
 Storm of Feathers,,,,,,,,
 Tandem Watchwing,,,,,,,,
 Tinker Enervator,,,,,,,,
 Tireless Stranger,,,,,,,,
 Treasury Gate,,,,,,,,
 Treasury Guard,,,,,,,,
 Tribe Craftsman,,,,,,,,
 Unseen Commando,,,,,,,,
 Valkyrie Cadet,,,,,,,,
 Valkyrie Enforcer,,,,,,,,
 Valkyrie Justiciar,,,,,,,,
 Valorous Stranger,,,,,,,,
 Vanquish,,,,,,,,
 War Wagon,,,,,,,,
 Warrant Officer,,,,,,,,
 Winchest Merchant,,,,,,,,
 Wind Conjuring,,,,,,,,
 Xulta Exile,,,,,,,,
 Aerial Spotter,,,,,,,,
 Armorsmith,,,,,,,,
 Auric Official,,,,,,,,
 Auric Runehammer,,,,,,,,
 Auric Weaponsmith,,,,,,,,
 Avigraft,,,,,,,,
 Bronze Cuirass,,,,,,,,
 Caltrops,,,,,,,,
 Camouflaged Musket,,,,,,,,
 Citywide Ban,,,,,,,,
 Cleansing Rain,,,,,,,,
 Copperhall Blessing,,,,,,,,
 Copperhall Chancellor,,,,,,,,
 Copperhall Paladin,,,,,,,,
 Copperhall Recruit,,,,,,,,
 Counsel of Heroes,,,,,,,,
 Crownwatch Cavalry,,,,,,,,
 Curse of Taxation,,,,,,,,
 Divebomb,,,,,,,,
 Emerald Crafter,,,,,,,,
 Entrapment,,,,,,,,
" Ezuzi, Kodosh's Listener",,,,,,,,
 Frontier Confessor,,,,,,,,
" Geomar, the Steel Tempest",,,,,,,,
 Graceful Calligrapher,,,,,,,,
 Ground Crew,,,,,,,,
 Hammer of Might,,,,,,,,
 High Alert,,,,,,,,
 Honor the Fallen,,,,,,,,
 Imperial Loyalist,,,,,,,,
 Inquisitor's Blade,,,,,,,,
 Ironclad Oath,,,,,,,,
 Kosul Curator,,,,,,,,
 Lawman's Sidearm,,,,,,,,
 Loyal Falcon,,,,,,,,
 Mantle of Justice,,,,,,,,
 Mercy of Kodosh,,,,,,,,
 Minotaur Platemaker,,,,,,,,
 Mistrust,,,,,,,,
 Necessary Measures,,,,,,,,
 Owl,,,,,,,,
 Peacekeeper's Prod,,,,,,,,
 Pistolwhip,,,,,,,,
 Promising Pupil,,,,,,,,
 Purgedriver,,,,,,,,
 Purgedriver Shade,,,,,,,,
 Rabblerouser,,,,,,,,
 Rakano Sheriff,,,,,,,,
 Reclaim,,,,,,,,
 Rent Seeker,,,,,,,,
 Resolute Paladin,,,,,,,,
 Sheriff Marley,,,,,,,,
 Sheriff's Hat,,,,,,,,
 Shielded Shortbarrel,,,,,,,,
 Shieldsmith,,,,,,,,
 Silverwing Avenger,,,,,,,,
 Sky Crew,,,,,,,,
 Spiked Buckler,,,,,,,,
 Spiritblade Stalker,,,,,,,,
 Stalwart Shield,,,,,,,,
 Tauride Test Pilot,,,,,,,,
" Telut, The Iron Gate",,,,,,,,
 Valkyrie Bodyguard,,,,,,,,
 Valkyrie Militant,,,,,,,,
 Valkyrie Spireguard,,,,,,,,
 Victor's Cry,,,,,,,,
 Xulta Convoy,,,,,,,,
 Xultan Arbalest,,,,,,,,
" Yisha, the Equalizer",,,,,,,,
" Amilli, Cloudmarshal",,,,,,,,
 Broken Wing Brawler,,,,,,,,
 Combrei Magister,,,,,,,,
 Crownwatch Press-Gang,,,,,,,,
 Crownwatch Recruiter,,,,,,,,
 Curse of Provocation,,,,,,,,
 Dead or Alive,,,,,,,,
 Downfall,,,,,,,,
 Emerald Maw,,,,,,,,
 Enchanted Platemail,,,,,,,,
 Gates of Hope,,,,,,,,
 Gemblade,,,,,,,,
 Hammer of Authority,,,,,,,,
 Harsh Rule,,,,,,,,
 Hone,,,,,,,,
 Honed Blade,,,,,,,,
 Hooru Fledgling,,,,,,,,
" Kesava, Trueheart",,,,,,,,
 Longtail Cavalry,,,,,,,,
 Marshal Ironthorn,,,,,,,,
 Minotaur Duelist,,,,,,,,
 Mithril Mace,,,,,,,,
 Nightwatch Broadsword,,,,,,,,
 Oni Combatant,,,,,,,,
 Rageheart Paladin,,,,,,,,
 Rallying Banner,,,,,,,,
 Rampart Arbalest,,,,,,,,
 Reinforcements,,,,,,,,
 Roosting Warhawk,,,,,,,,
 Scepter of Nobility,,,,,,,,
" Sediti, the Killing Steel",,,,,,,,
 Shieldcrafter,,,,,,,,
 Silverwing Commander,,,,,,,,
 Silverwing Courier,,,,,,,,
 Solburst Scimitar,,,,,,,,
 Steel Legion,,,,,,,,
" Tavrod, Auric Financier",,,,,,,,
 Throne Warden,,,,,,,,
 Twin Sai,,,,,,,,
 Twinstrike Master,,,,,,,,
 Unbreakable Tradition,,,,,,,,
 Warband Skald,,,,,,,,
 Withstand,,,,,,,,
 Xulta Foil,,,,,,,,
 Aerialist's Khopesh,,,,,,,,
 Ageworn Vestige,,,,,,,,
 Augmented Form,,,,,,,,
 Camoni Shade,,,,,,,,
" Camoni, Dusk Rider",,,,,,,,
 Ceremonial Mask,,,,,,,,
 Challenge by Law,,,,,,,,
 Civic Peacekeeper,,,,,,,,
 Crownwatch Captain,,,,,,,,
 Crownwatch Quartermaster,,,,,,,,
 Defender's Bulwark,,,,,,,,
 End of the Story,,,,,,,,
 Fourth-Tree Elder,,,,,,,,
 Gilded Hammer,,,,,,,,
 Heirloom Blade,,,,,,,,
 Horngrinder,,,,,,,,
 Ironfist Archon,,,,,,,,
 Mithril Paladin,,,,,,,,
 New Order Watchwing,,,,,,,,
" Nikos, the Unifier",,,,,,,,
 Oathkeeper's Hammer,,,,,,,,
 Plated Demolisher,,,,,,,,
 Prosecutor-at-Arms,,,,,,,,
 Regent's Blade,,,,,,,,
 Restrained Action,,,,,,,,
" Reyna, the Unwavering",,,,,,,,
 Rolant's Fist,,,,,,,,
 Rolant's Honor Guard,,,,,,,,
 Roosting Owl,,,,,,,,
 Sabre of Progress,,,,,,,,
 Silverwing Purgeleader,,,,,,,,
 Smogwing Tinker,,,,,,,,
 Stormhalt Knife,,,,,,,,
" Svetya, Lightbringer",,,,,,,,
 Svetya's Sanctum,,,,,,,,
 Tower Shield,,,,,,,,
 Town Watchman,,,,,,,,
 Unseen Ghostblade,,,,,,,,
 Valkyrie Arcanist,,,,,,,,
 Valkyrie Wings,,,,,,,,
 Watchwing Conscript,,,,,,,,
 Aerial Attendant,,,,,,,,
 Answer the Call,,,,,,,,
 Crown of Authority,,,,,,,,
 Emerald Spear,,,,,,,,
 Flight Lieutenant,,,,,,,,
 Kodosh Sees All,,,,,,,,
 Last Stand at the Gate,,,,,,,,
 Leave a Witness,,,,,,,,
 Massive Greatsword,,,,,,,,
" Minsod, the Peerless",,,,,,,,
" Rolant, Merciless",,,,,,,,
 Silverwing Augmentor,,,,,,,,
" Telut, Queen's Hand",,,,,,,,
 Valkyrie Accuser,,,,,,,,
 Xulta Loyalist,,,,,,,,
" Elias, the Broken Wing",,,,,,,,
 Lieutenant Relia,,,,,,,,
" Makto, Valorous Savior",,,,,,,,
" Rolant, the Iron Fist",,,,,,,,
 Secret Weapon,,,,,,,,
" Svetya, Merciful Orene",,,,,,,,
 Sword of the Sky King,,,,,,,,
 Unbreakable Alliance,,,,,,,,
 Valkyrie Linebreaker,,,,,,,,
 Martyr's Chains,,,,,,,,
 Savior of the Meek,,,,,,,,
 Silverwing Rallier,,,,,,,,
 Soulflame Rider,,,,,,,,
 Rolant's Warblade,,,,,,,,
" Sigvard, the Last Bastion",,,,,,,,
 Primal Sigil,,,,,,,,
 Clan Standard,,,,,,,,
 Cobalt Coin,,,,,,,,
 Cobalt Monument,,,,,,,,
 Cobalt Waystone,,,,,,,,
 Emblem of Linrei,,,,,,,,
 Primal Symbol,,,,,,,,
 Declare Victory,,,,,,,,
 Frog,,,,,,,,
 Premonition Bolt,,,,,,,,
 Sheep,,,,,,,,
 Steely Resolve,,,,,,,,
 Tidal Elemental,,,,,,,,
 Bear Guard Bayonet,,,,,,,,
 Blind Storyteller,,,,,,,,
 Cliffside Porter,,,,,,,,
 Cloudsnake Hatchling,,,,,,,,
 Cloudsnake Mount,,,,,,,,
 Crystal Dirk,,,,,,,,
 Dinomancy Enthusiast,,,,,,,,
 Eilyn's Intervention,,,,,,,,
 Farplace Finder,,,,,,,,
 Fend Off,,,,,,,,
 Flexible Familiar,,,,,,,,
 Formbend,,,,,,,,
 From Elements,,,,,,,,
 Frostwave,,,,,,,,
 Furnish,,,,,,,,
 Gift of Battle,,,,,,,,
 Good Idea at the Time,,,,,,,,
 Gustrider,,,,,,,,
 Hearty Stranger,,,,,,,,
 Icy Gaze,,,,,,,,
 Inferiority Complex,,,,,,,,
 Jump Kick,,,,,,,,
 Know When to Hold 'em,,,,,,,,
 Levitate,,,,,,,,
 Little Brother,,,,,,,,
 Little Seed,,,,,,,,
 Messenger Hawk,,,,,,,,
 Mischief Yeti,,,,,,,,
 Nesting Raven,,,,,,,,
 Permafrost,,,,,,,,
 Pitfall Trap,,,,,,,,
 Powderglider,,,,,,,,
 Primal Etchings,,,,,,,,
 Reflection,,,,,,,,
 Savage Denial,,,,,,,,
 Savage Skybrood,,,,,,,,
 Savagery,,,,,,,,
 Shatter,,,,,,,,
 Shifting Illusion,,,,,,,,
 Shiver,,,,,,,,
 Sinister Opportunist,,,,,,,,
 Snow Pelting,,,,,,,,
 Snowball,,,,,,,,
 Snowcrust Yeti,,,,,,,,
 Snowrager,,,,,,,,
 Snowstorm Druid,,,,,,,,
" Socrato, Furyheart",,,,,,,,
 Spy Glass,,,,,,,,
 Stampeding Beast,,,,,,,,
 Substitute,,,,,,,,
 Swift Refusal,,,,,,,,
 Transpose,,,,,,,,
 Unstable Form,,,,,,,,
 Vargo's Pelt,,,,,,,,
 Warning Jolt,,,,,,,,
 Weather the Storm,,,,,,,,
 Yeti Bully,,,,,,,,
 Yeti Spy,,,,,,,,
 Avalanche Yeti,,,,,,,,
 Backlash,,,,,,,,
 Battlefield Instigator,,,,,,,,
 Belligerent Yeti,,,,,,,,
 Blood Hunt,,,,,,,,
 Bookclub Yeti,,,,,,,,
 Borderlands Waykeeper,,,,,,,,
 Campfire Watchman,,,,,,,,
 Changeestik,,,,,,,,
 Cheerful Shepherd,,,,,,,,
 Clan Tactic,,,,,,,,
 Cloudsnake Breeder,,,,,,,,
 Cloudsnake Saddle,,,,,,,,
 Darkbolt,,,,,,,,
 Darkveil Agent,,,,,,,,
 Dragonbreath,,,,,,,,
 Dusk Raider,,,,,,,,
 East-Wind Herald,,,,,,,,
 Edict of Linrei,,,,,,,,
 Eilyn's Favor,,,,,,,,
 Entangling Vines,,,,,,,,
 Eye of Winter,,,,,,,,
 Fearless Yeti,,,,,,,,
 Fledgling Owlet,,,,,,,,
 Flying Squirrel,,,,,,,,
 Fragility,,,,,,,,
 Frost,,,,,,,,
 Frost Talisman,,,,,,,,
 Frostbite Elemental,,,,,,,,
 Goat,,,,,,,,
 Gruanform,,,,,,,,
 Herald's Song,,,,,,,,
 Honored Skyguard,,,,,,,,
 Horizon Seeker,,,,,,,,
 Huddle Together,,,,,,,,
 Ice Bolt,,,,,,,,
 Ice Elemental,,,,,,,,
 Iceberg Hailshrieker,,,,,,,,
 Iceberg Mason,,,,,,,,
 Kosul Huntsman,,,,,,,,
 Lida's Apprentice,,,,,,,,
 Lightning Storm,,,,,,,,
 Lightning Strike,,,,,,,,
 Linrei Evangel,,,,,,,,
 Maelstrom Bell,,,,,,,,
 Master Cartographer,,,,,,,,
 Mating Call,,,,,,,,
 Maveloft Huntress,,,,,,,,
 Mother of Skies,,,,,,,,
 Numbing Cold,,,,,,,,
 Overlook Spotter,,,,,,,,
 Parry,,,,,,,,
 Pig,,,,,,,,
 Pokpok's Slingshot,,,,,,,,
 Portent Reader,,,,,,,,
 Provoke the Dragons,,,,,,,,
 Read the Runes,,,,,,,,
 Read the Stars,,,,,,,,
 Regression,,,,,,,,
 Reinforced Tower Shield,,,,,,,,
 Re-read,,,,,,,,
 Reshape,,,,,,,,
 Royal Decree,,,,,,,,
 Scaly Gruan,,,,,,,,
 Second Sight,,,,,,,,
 Serpent Hatchling,,,,,,,,
 Sky Serpent,,,,,,,,
 Skywatch Zealot,,,,,,,,
 Snowdrift Delver,,,,,,,,
 Snowfort Trumpeter,,,,,,,,
 Static Bolt,,,,,,,,
 Steam Blast,,,,,,,,
 Storm Talisman,,,,,,,,
 Stormtamer Operative,,,,,,,,
 Strategize,,,,,,,,
 Talon Dive,,,,,,,,
 Tend the Flock,,,,,,,,
 Terrazon Echo,,,,,,,,
 Torrential Downpour,,,,,,,,
 Trailblaze,,,,,,,,
 Twilight Hermit,,,,,,,,
 Unseal,,,,,,,,
 Valiant Leap,,,,,,,,
 Valley-Clan Sage,,,,,,,,
 Violent Gust,,,,,,,,
 Wardwielder,,,,,,,,
 Whispering Wind,,,,,,,,
 Wild Cloudsnake,,,,,,,,
 Wind Cloak,,,,,,,,
 Winter's Grasp,,,,,,,,
 Yeti Gryffyn Rider,,,,,,,,
 Yeti Snowchucker,,,,,,,,
 Yeti Snowslinger,,,,,,,,
 Yeti Windflyer,,,,,,,,
" Yorja, The Tale Keeper",,,,,,,,
 Acquisitive Crow,,,,,,,,
 Advance Scout,,,,,,,,
 Aerial Battle,,,,,,,,
 Biting Winds,,,,,,,,
 Bottled Storm,,,,,,,,
 Brutish Interloper,,,,,,,,
 Camp Surveyor,,,,,,,,
 Cloudsnake Harrier,,,,,,,,
 Cobalt Acolyte,,,,,,,,
 Cobalt Ring,,,,,,,,
 Courier Albatross,,,,,,,,
 Crafty Yeti,,,,,,,,
 Crashing Avalanche,,,,,,,,
 Cruelty,,,,,,,,
 Daring Pioneer,,,,,,,,
 Dinosaur,,,,,,,,
 Eilyn's Sanctum,,,,,,,,
 Electropy,,,,,,,,
 Flash Freeze,,,,,,,,
 Fledgling Avisaur,,,,,,,,
 Foothills Alpha,,,,,,,,
 Forlorn Gryffyn,,,,,,,,
 Frost Elemental,,,,,,,,
 Glacial Monstrosity,,,,,,,,
 Glacier Shaper,,,,,,,,
 Greed's Reward,,,,,,,,
 Hailstorm,,,,,,,,
 Highsky Lookout,,,,,,,,
 Highsky Lookout Shade,,,,,,,,
 Horde Plunderer,,,,,,,,
 Ice Sprite,,,,,,,,
 Icebow,,,,,,,,
 Icebreaker,,,,,,,,
 Jennev Merchant,,,,,,,,
" Larai, the Appraiser",,,,,,,,
 Lethrai Darkstalker,,,,,,,,
 Lethrai Secretweaver,,,,,,,,
 Lightning Sprite,,,,,,,,
 Linrei's Protection,,,,,,,,
 Mind Link,,,,,,,,
 Mirror Image,,,,,,,,
 Mobilization,,,,,,,,
 Natural Order,,,,,,,,
 Nocturnal Observer,,,,,,,,
 Peaktop Trekker,,,,,,,,
 Plasma Globule,,,,,,,,
 Polymorph,,,,,,,,
 Preyfinder,,,,,,,,
 Rabid Yeti,,,,,,,,
 Rainfall Accord,,,,,,,,
Shapeshifter's Mask,,,,,,,,
 Shared Vision,,,,,,,,
 Skycrag Scalebreaker,,,,,,,,
 Skysnapper,,,,,,,,
 Skyward Seer,,,,,,,,
 Snowfort,,,,,,,,
 South-Wind Herald,,,,,,,,
 Spellstorm Stranger,,,,,,,,
 Static Discharge,,,,,,,,
 Steam Sprite,,,,,,,,
 Storm Spiral,,,,,,,,
 Stormcrasher,,,,,,,,
 Sunken Tower,,,,,,,,
 Temple Shihan,,,,,,,,
 The Throne Room,,,,,,,,
 Thudrock's Masterwork,,,,,,,,
 Thunderbird,,,,,,,,
 Thunderclaw Raven,,,,,,,,
 Tidecaller,,,,,,,,
 Touch of Wild,,,,,,,,
 Trumpeting Warhowler,,,,,,,,
 Tundra Explorer,,,,,,,,
 Turn to Seed,,,,,,,,
 Unseen Disciple,,,,,,,,
 Voracious Fosora,,,,,,,,
 Water Conjuring,,,,,,,,
 Wild Rider,,,,,,,,
 Wisdom of the Elders,,,,,,,,
" Wump, Party Starter",,,,,,,,
 Yeti Furflinger,,,,,,,,
 Yeti Instigator,,,,,,,,
 Yeti Taunt Patrol,,,,,,,,
 Acrid Scorpion,,,,,,,,
" Aeva, Eilyn's Elite",,,,,,,,
 Aggressive Ursine,,,,,,,,
 Arc Dragon,,,,,,,,
" Bam, Sneakeepeekee",,,,,,,,
" Blitrok, Linrei's Listener",,,,,,,,
 Breeze Dancer,,,,,,,,
 Brood of Eremot,,,,,,,,
 Brutal Frostlord,,,,,,,,
 Clutch of Talons,,,,,,,,
 Clutchmate,,,,,,,,
 Court Mage,,,,,,,,
 Cutbrush Cartographer,,,,,,,,
 Daring Gryffyn,,,,,,,,
 Death from Above,,,,,,,,
 Deranged Dinomancer,,,,,,,,
 Elder Meditant,,,,,,,,
 Fearstoker Raven,,,,,,,,
 Forbidden Research,,,,,,,,
 Freewing Glider,,,,,,,,
 Galeprowler,,,,,,,,
 Guardian of Spring,,,,,,,,
 Hearty Warrior,,,,,,,,
 Honor of Claws,,,,,,,,
 Icicle Marksman,,,,,,,,
 Innate Conviction,,,,,,,,
 Inspired Prank,,,,,,,,
 Jarrall's Frostkin,,,,,,,,
 Jotun Cyclops,,,,,,,,
 Lastlight Druid,,,,,,,,
 Learned Imitator,,,,,,,,
 Lens of Clarity,,,,,,,,
 Lethrai Soothsayer,,,,,,,,
 Linrei's Codex,,,,,,,,
 Living Wave,,,,,,,,
 Mass Entomancy,,,,,,,,
 Meditation Trainer,,,,,,,,
 Murderous Flock,,,,,,,,
 Nocturnal Kyrex,,,,,,,,
 Plagued Gryffyn,,,,,,,,
 Plagued Gryffyn Shade,,,,,,,,
 Poaching Drake,,,,,,,,
 Rain of Frogs,,,,,,,,
 Reclusive Scholar,,,,,,,,
 Rejection,,,,,,,,
 Resurface,,,,,,,,
 Reverberating Strike,,,,,,,,
 Ridgeline Watcher,,,,,,,,
 Runemarker,,,,,,,,
 Scavenging Spikeback,,,,,,,,
 Serpent Mount,,,,,,,,
 Serpent Trainer,,,,,,,,
 Shadowlands Borderscout,,,,,,,,
 Skycrag Goad,,,,,,,,
 Slushdumper,,,,,,,,
 Snowman,,,,,,,,
 Soaring Stranger,,,,,,,,
 Spiritward Shaman,,,,,,,,
 Stealth Strike,,,,,,,,
 Stormcaller,,,,,,,,
 Sudden Schism,,,,,,,,
 The Winter Crown,,,,,,,,
" Thudrock, Arctic Artisan",,,,,,,,
 Tidal Forces,,,,,,,,
" Torgov, Icecap Trader",,,,,,,,
 Twilight Prowler,,,,,,,,
 Tyrannize,,,,,,,,
" Uelo, Sky Tactician",,,,,,,,
Watcher of the Big Ones,,,,,,,,
 Windshaper,,,,,,,,
 Yeti Traditionalist,,,,,,,,
 Yeti Troublemaker,,,,,,,,
 Yetipult,,,,,,,,
 Aerial Ace,,,,,,,,
" Alu, Death-Dreamer",,,,,,,,
 Big Brother,,,,,,,,
 Carnosaur,,,,,,,,
 Cliffdiver Mantasaur,,,,,,,,
 Cliffside Caretaker,,,,,,,,
 Crystallize,,,,,,,,
 Double Helix Drake,,,,,,,,
 Elvish Swindler,,,,,,,,
 Ferocity of Bear,,,,,,,,
 First-Frost Shaman,,,,,,,,
 Gleaming Shield,,,,,,,,
 Greenstretch Empath,,,,,,,,
" Helio, the Skywinder",,,,,,,,
 Hold Under,,,,,,,,
 Jotun Bonebreaker,,,,,,,,
 Jotun Feast-Caller,,,,,,,,
 Jotun Hurler,,,,,,,,
 Jotun Punter,,,,,,,,
 Jotun Warrior,,,,,,,,
 Keen Saddleback,,,,,,,,
" Lida, Most Skilled",,,,,,,,
 Linrei's Stranger,,,,,,,,
 Magus of the Mist,,,,,,,,
 Mass Polymorph,,,,,,,,
 Pearlescent Drake,,,,,,,,
 Primal Incarnation,,,,,,,,
 Prodigious Sorcery,,,,,,,,
 Psionic Savant,,,,,,,,
" Rost, the Walking Glacier",,,,,,,,
 Sack the City,,,,,,,,
 Savage Incursion,,,,,,,,
 Skycrag Wyvarch,,,,,,,,
 Skyrider Vanguard,,,,,,,,
 Skywalk Instructor,,,,,,,,
" Sodi, Wingbreaker",,,,,,,,
 Spellbound Ursine,,,,,,,,
 Staff of Stories,,,,,,,,
 Stampede Driver,,,,,,,,
 Stormdancer,,,,,,,,
 Swindle,,,,,,,,
 Tainted Mark,,,,,,,,
 Unchecked Rage,,,,,,,,
 Vengeful Flight,,,,,,,,
 West-Wind Herald,,,,,,,,
 Abyssal Scrying,,,,,,,,
 Acantha's Outrider,,,,,,,,
 Ancient Serpent,,,,,,,,
 Boltcrafter Shaman,,,,,,,,
 Brilliant Idea,,,,,,,,
 Burr-Spore Fern,,,,,,,,
 Celestial Omen,,,,,,,,
 Cirso's Meddling,,,,,,,,
 Cloudsnake Matriarch,,,,,,,,
" Daraka, Queensguard",,,,,,,,
 Diving Pteriax,,,,,,,,
 Eilyn's Frostrider,,,,,,,,
 End of Hostilities,,,,,,,,
 Flight of Makkar,,,,,,,,
 Frostbite Chrysalis,,,,,,,,
 Hatchery Hunter,,,,,,,,
 Iceknuckle Jotun,,,,,,,,
 Illusionary Dragon,,,,,,,,
 Jarrall Iceheart,,,,,,,,
 Jotun,,,,,,,,
" Justa, Regglar Jotun",,,,,,,,
 Lumbering Gruan,,,,,,,,
" Lys, Champion of Linrei",,,,,,,,
 Maul,,,,,,,,
 Moonlight Huntress,,,,,,,,
 North-Wind Herald,,,,,,,,
 Riddle Game,,,,,,,,
 Sapphire Dragon,,,,,,,,
 Scouting Party,,,,,,,,
 Shaluuk Captain,,,,,,,,
 Shamanic Blast,,,,,,,,
 Slope Sergeant,,,,,,,,
 Snowsculptor,,,,,,,,
 Speardiver,,,,,,,,
 Storm Prowler,,,,,,,,
" Tamarys, Earthshaker",,,,,,,,
 Thunderstrike Dragon,,,,,,,,
" Urska, the Bear",,,,,,,,
 Adaptive Predator,,,,,,,,
 Araktodon,,,,,,,,
 Bellowing Thunderfoot,,,,,,,,
" Daraka, Loyal Guardian",,,,,,,,
" Eilyn, Fearless",,,,,,,,
 Elysian Trailblazer,,,,,,,,
 Enraged Araktodon,,,,,,,,
 Hooru Teachings,,,,,,,,
 Icequake,,,,,,,,
 Jotun Birth Song,,,,,,,,
" Kenna, Shaman of the Scale",,,,,,,,
 Linrei's Kiss,,,,,,,,
 Mistveil Drake,,,,,,,,
 Novice Herdrider,,,,,,,,
 Powerstone Compass,,,,,,,,
 Quicksilver Mirror,,,,,,,,
 Rimescale Draconus,,,,,,,,
 Skyhorror Draconus,,,,,,,,
 Snowmass Jotun,,,,,,,,
 Solar Blast,,,,,,,,
 Starved Vorlunk,,,,,,,,
 Strength of the Pack,,,,,,,,
 Terror on the Mountain,,,,,,,,
 Vernal Mandrake,,,,,,,,
 Vernal Mandrake Shade,,,,,,,,
" Eilyn, Queen of the Wilds",,,,,,,,
" Eilyn, the Rising Storm",,,,,,,,
 Jotun Iceslinger,,,,,,,,
" Mokhnati, Restored",,,,,,,,
 Realitybreaker,,,,,,,,
 Rosebloom Mandrake,,,,,,,,
 Surveying Mantasaur,,,,,,,,
 Thunder Giant,,,,,,,,
 Channel the Tempest,,,,,,,,
 Scourge of Frosthome,,,,,,,,
 Clutchkeeper,,,,,,,,
 Avatar of Winds,,,,,,,,
 Shadow Sigil,,,,,,,,
 Amethyst Coin,,,,,,,,
 Amethyst Monument,,,,,,,,
 Amethyst Waystone,,,,,,,,
 Cabal Standard,,,,,,,,
 Emblem of Makkar,,,,,,,,
 Shadow Symbol,,,,,,,,
 Borrowed Violence,,,,,,,,
 Dirty Rat,,,,,,,,
 Disfigure,,,,,,,,
 Last Chance,,,,,,,,
 Abominate,,,,,,,,
 Affliction,,,,,,,,
 Arachnophobia,,,,,,,,
 Avoid Death,,,,,,,,
 Blood Beetle,,,,,,,,
 Bloodnurse,,,,,,,,
 Bloodseeker,,,,,,,,
 Boot Knife,,,,,,,,
 Brash Shorthorn,,,,,,,,
 Cabal Scavenger,,,,,,,,
 Condemn,,,,,,,,
 Contaminating Ritual,,,,,,,,
 Dark Return,,,,,,,,
 Direfang Spider,,,,,,,,
 Direwood Slasher,,,,,,,,
 Distilled Venom,,,,,,,,
 Edict of Makkar,,,,,,,,
 Entranced Cultist,,,,,,,,
 Entranced Cultist Shade,,,,,,,,
 Faceless One,,,,,,,,
 Fallen Oni,,,,,,,,
 Fear's Sum,,,,,,,,
 Feral Spiteling,,,,,,,,
 From Beyond,,,,,,,,
 Ghostform,,,,,,,,
 Grenamender,,,,,,,,
 Harbinger's Bite,,,,,,,,
 Horrifying Helm,,,,,,,,
 Jack's Knife,,,,,,,,
 Knifejack,,,,,,,,
 Lethrai Lobotomy,,,,,,,,
 Lock Horns,,,,,,,,
 Lunging Wisp,,,,,,,,
 Muck Crawler,,,,,,,,
 Pilfer,,,,,,,,
 Prize Sow,,,,,,,,
 Rat Cage,,,,,,,,
 Remembrance,,,,,,,,
 Sabotage,,,,,,,,
 Secret Passage,,,,,,,,
 Sewer Sludge,,,,,,,,
 Shadow Etchings,,,,,,,,
 Shakedown,,,,,,,,
 Slumbering Stone,,,,,,,,
 Spitefeeder,,,,,,,,
 Spiteful Strike,,,,,,,,
 Spiteling,,,,,,,,
 Star-Reader Severin,,,,,,,,
 Stonescar Sneak,,,,,,,,
 Street Urchin,,,,,,,,
 Suffocate,,,,,,,,
 Swear Vengeance,,,,,,,,
 Tock Tick,,,,,,,,
 Trusty Revolver,,,,,,,,
 Urgent Missive,,,,,,,,
 Vara's Intervention,,,,,,,,
 Vicious Rumors,,,,,,,,
 Weary Spiteling,,,,,,,,
 Wisplight,,,,,,,,
 Xenan Lifespeaker,,,,,,,,
 Abduct,,,,,,,,
 Afterimage,,,,,,,,
 Angry Prophet,,,,,,,,
 Annihilate,,,,,,,,
Argenport Instigator,,,,,,,,
 Auric Reclaimer,,,,,,,,
 Back-Alley Delinquent,,,,,,,,
 Battlefield Scavenger,,,,,,,,
 Blackhall Warleader,,,,,,,,
 Blightmoth,,,,,,,,
 Blightmoth Shade,,,,,,,,
 Blood Quill,,,,,,,,
 Cabal Cutthroat,,,,,,,,
 Cabal Repeater,,,,,,,,
 Cabal Slasher,,,,,,,,
 Cabal Tactic,,,,,,,,
 Corrupt,,,,,,,,
 Cowardice,,,,,,,,
 Cull the Deck,,,,,,,,
 Curator's Spear,,,,,,,,
" Damara, Deft Saboteur",,,,,,,,
 Dark Elf,,,,,,,,
 Dark Wisp,,,,,,,,
 Death Elemental,,,,,,,,
 Defile,,,,,,,,
 Devour,,,,,,,,
 Dreamsnatcher,,,,,,,,
 Eremot's Designs,,,,,,,,
 Executioner,,,,,,,,
 Fearbinder,,,,,,,,
 Fenris Nightshade,,,,,,,,
 Fervent Siphoner,,,,,,,,
 Flashy Duelist,,,,,,,,
 Grenadin Bellower,,,,,,,,
 Heirloom Seeker,,,,,,,,
 Hideout Pistol,,,,,,,,
 Illicit Armament,,,,,,,,
 Immortalize,,,,,,,,
 Infused Strike,,,,,,,,
 Kerendon Steward,,,,,,,,
 Lethrai Ranger,,,,,,,,
 Lethrai Target Caller,,,,,,,,
 Longshot Marksman,,,,,,,,
 Lurking Brute,,,,,,,,
 Magenta Wisp,,,,,,,,
 Makkar Evangel,,,,,,,,
 Makkar's Quiver,,,,,,,,
 Malaise,,,,,,,,
 Miris Nightshade,,,,,,,,
 Mob Rule,,,,,,,,
 Mournful Deathcap,,,,,,,,
 Obliviobot,,,,,,,,
" Olly, Maniacal Graverobber",,,,,,,,
 Piercing Grief,,,,,,,,
 Ponysnatcher,,,,,,,,
 Rapid Shot,,,,,,,,
 Reconnaissance,,,,,,,,
 Ripknife Assassin,,,,,,,,
 Rust Fiend,,,,,,,,
 Scare,,,,,,,,
 Scavenging Vulture,,,,,,,,
 Sleeping Draught,,,,,,,,
 Smokedancer,,,,,,,,
 Spiritweaver,,,,,,,,
 Sporefolk,,,,,,,,
 Stained Honor,,,,,,,,
 Switchblade Deadeye,,,,,,,,
" Tavia, Lethrai Raidleader",,,,,,,,
 Territorial Elf,,,,,,,,
 Thief's Pick,,,,,,,,
 Threaten,,,,,,,,
 Touch of Resilience,,,,,,,,
 Towering Arachnid,,,,,,,,
 Two-Face,,,,,,,,
 Two-Face Shade,,,,,,,,
 Unchecked Aggression,,,,,,,,
 Unkindness,,,,,,,,
 Unseen Agent,,,,,,,,
 Vampire Bat,,,,,,,,
 Vara's Favor,,,,,,,,
 Vengeful Gargoyle,,,,,,,,
 Venomfang Dagger,,,,,,,,
 Vizier's Tablet,,,,,,,,
 Warlock's Brew,,,,,,,,
 Amethyst Acolyte,,,,,,,,
 Amethyst Ring,,,,,,,,
" Ashara, Ruthless Assassin",,,,,,,,
 At Any Cost,,,,,,,,
 Auric Interrogator,,,,,,,,
" Ayan, Dark Conduit",,,,,,,,
 Banished Umbren,,,,,,,,
 Bartholo's Keepsake,,,,,,,,
 Beastcaller's Amulet,,,,,,,,
 Blackguard Sidearm,,,,,,,,
 Bloodwolf,,,,,,,,
 Bloodwolf Shade,,,,,,,,
 Cabal Countess,,,,,,,,
 Cabal Extortion Scheme,,,,,,,,
 Calamity Oracle,,,,,,,,
 Cat Burglar,,,,,,,,
 Coronal Umbren,,,,,,,,
 Crooked Alleyguide,,,,,,,,
 Curtain Call,,,,,,,,
 Daggerclaw Howler,,,,,,,,
 Darkclaw Ravager,,,,,,,,
 Darkweave Enchantress,,,,,,,,
 Death Ripple,,,,,,,,
 Desecrate,,,,,,,,
 Desperado,,,,,,,,
 Devastating Setback,,,,,,,,
 Devouring Shadow,,,,,,,,
 Direwood Beastcaller,,,,,,,,
" Dizo, Cabal Racketeer",,,,,,,,
 Duskcaller,,,,,,,,
 Execute,,,,,,,,
 Extract,,,,,,,,
 Fanatical Stranger,,,,,,,,
 Felrauk's Infiltrator,,,,,,,,
 Flamebathe Reformation,,,,,,,,
 Flickerling,,,,,,,,
 Gorgon Cutthroat,,,,,,,,
 Grave Robbery,,,,,,,,
 Grisly Contest,,,,,,,,
 Hair-Trigger Pistol,,,,,,,,
 Hired Gun,,,,,,,,
 Kerendon Merchant,,,,,,,,
" Kuro, Champion of Makkar",,,,,,,,
 Lethrai Dead Drop,,,,,,,,
 Lethrai Direbeast,,,,,,,,
 Lethrai Memory-Keeper,,,,,,,,
 Lethrai Nightblade,,,,,,,,
 Lifedrinker,,,,,,,,
" Livia, Hexweaver",,,,,,,,
 Madness,,,,,,,,
 Maimed Watchwing,,,,,,,,
 Makkar's Bloodwolf,,,,,,,,
 Marionette,,,,,,,,
 Marionette Cross,,,,,,,,
 Means to an End,,,,,,,,
 Midnight Hunt,,,,,,,,
 Mug,,,,,,,,
 Pack Conjuring,,,,,,,,
 Plague,,,,,,,,
 Prickly Grenadin,,,,,,,,
 Ravenous Thornbeast,,,,,,,,
 Razor Lash,,,,,,,,
" Rhysta, Acantha's Herald",,,,,,,,
 Sadistic Valkyrie,,,,,,,,
 Scavenge,,,,,,,,
 Scheme,,,,,,,,
 Sewer Crocodile,,,,,,,,
 Shadowlands Guide,,,,,,,,
 Shadowstalker,,,,,,,,
 Silverblade Reaper,,,,,,,,
 Sinister Design,,,,,,,,
 Skeeter,,,,,,,,
 Skeletal Dragon,,,,,,,,
 Sorrow's Shroud,,,,,,,,
 Spectral Scythe,,,,,,,,
 Sporebreath,,,,,,,,
 Spur On,,,,,,,,
 Star-Reader's Blade,,,,,,,,
 Sunset Priest,,,,,,,,
 Surgeon's Saw,,,,,,,,
 Torrent of Spiders,,,,,,,,
 Torture,,,,,,,,
 Trigger-Happy,,,,,,,,
 Triumphant Return,,,,,,,,
 Umbren Deathwatcher,,,,,,,,
 Unseen Longbow,,,,,,,,
" Verro, Banished Inquisitor",,,,,,,,
 Vile Collaborator,,,,,,,,
" Vishni, Lethrai Highblood",,,,,,,,
 Void Drummer,,,,,,,,
 Vorpal Cutter,,,,,,,,
 Waylay,,,,,,,,
 Wingbrewer,,,,,,,,
 Xenan Cultist,,,,,,,,
 Xenan Destroyer,,,,,,,,
 Argenport Sewers,,,,,,,,
 Back-Alley Bouncer,,,,,,,,
 Bandit's Flail,,,,,,,,
 Battle at the Gates,,,,,,,,
 Befoul,,,,,,,,
 Betray the Cause,,,,,,,,
 Blood of Makkar,,,,,,,,
 Burglarize,,,,,,,,
 Cabal Bludgeoner,,,,,,,,
 Cabal Recruiter,,,,,,,,
 Consuming Greed,,,,,,,,
 Corrupted Umbren,,,,,,,,
 Cripple,,,,,,,,
 Darkmask Stalker,,,,,,,,
 Deadly Confrontation,,,,,,,,
 Deathstrike,,,,,,,,
 Devious Drone,,,,,,,,
 Dizo's Racket,,,,,,,,
 Dread Hellkite,,,,,,,,
 Dueling Pistols,,,,,,,,
 Dumping Ground,,,,,,,,
" Eremot, Mindsplinter",,,,,,,,
 Eremot's Clutches,,,,,,,,
 Extinguish,,,,,,,,
 Fangs in the Dark,,,,,,,,
 Fell Ritual,,,,,,,,
 Final-Shot Rioter,,,,,,,,
 Governor Sahin,,,,,,,,
 Hatecleaver,,,,,,,,
 Heartstopper,,,,,,,,
 Holdup,,,,,,,,
 Impending Doom,,,,,,,,
 In Cold Blood,,,,,,,,
" Incarnus, Makkar's Listener",,,,,,,,
 Kyrex Coach Driver,,,,,,,,
 Lethrai Falchion,,,,,,,,
 Lethrai Intimidator,,,,,,,,
 Lethrai Provocateur,,,,,,,,
 Malediction,,,,,,,,
 Mandrake Shambler,,,,,,,,
" Mazag, the Waking Terror",,,,,,,,
 Memory Dredger,,,,,,,,
 Minotaur Lighthoof,,,,,,,,
" Muertis, Pale Rider",,,,,,,,
 Nihil Draconus,,,,,,,,
 Nullblade,,,,,,,,
 Nyctophobia,,,,,,,,
" Occi, Pale Rider",,,,,,,,
 Razorquill,,,,,,,,
 Relentless Gorehorn,,,,,,,,
" Sangu, Pale Rider",,,,,,,,
 Savage Stranger,,,,,,,,
 Silverblade Menace,,,,,,,,
 Soul Collector,,,,,,,,
 Soulbringer,,,,,,,,
 Steward of the Past,,,,,,,,
 Stonescar Magus,,,,,,,,
 Street Leecher,,,,,,,,
 Subvert,,,,,,,,
 Succumb,,,,,,,,
" Tasbu, the Tempter",,,,,,,,
 Torrent of Filth,,,,,,,,
 Transmogrifier,,,,,,,,
 Twinned Spiteling,,,,,,,,
 Umbral Edge,,,,,,,,
 Umbren Voidbringer,,,,,,,,
 Vainglory Patrol,,,,,,,,
" Vara, Vengeance-Seeker",,,,,,,,
 Vile Varmint,,,,,,,,
" Volan, Pale Rider",,,,,,,,
 Withering Touch,,,,,,,,
 Wretched Rats,,,,,,,,
 Xenan Fanatic,,,,,,,,
" Ashara, the Deadshot",,,,,,,,
 Backbreaker,,,,,,,,
 Breathstealer,,,,,,,,
 Colony Matron,,,,,,,,
 Cover of Darkness,,,,,,,,
 Debtor's Shackles,,,,,,,,
 Direwood Beast,,,,,,,,
 Elder Astrologer,,,,,,,,
" Elias, Shadow Wing",,,,,,,,
 Eviscerate,,,,,,,,
 Eye for an Eye,,,,,,,,
 Fallen Militiaman,,,,,,,,
 False Demise,,,,,,,,
 Feartracker,,,,,,,,
 Feartracker Shade,,,,,,,,
 Frontier Surveyor,,,,,,,,
 Grasping at Shadows,,,,,,,,
 Grimy Alp-luachra,,,,,,,,
 Headsman's Axe,,,,,,,,
 Induce Madness,,,,,,,,
" Karvet, Redeemed",,,,,,,,
 Lethrai Bladewhirl,,,,,,,,
 Lurking Sanguar,,,,,,,,
 Makkar's Stranger,,,,,,,,
 Marsh Dragon,,,,,,,,
 Merciless Stranger,,,,,,,,
 Moonlit Gargoyle,,,,,,,,
 Murky Tentaclesis,,,,,,,,
 Mysterious Waystone,,,,,,,,
 Oblivion Spike,,,,,,,,
" Obrak, the Feaster",,,,,,,,
 Pillar of Dreams,,,,,,,,
 Profane Censer,,,,,,,,
 Puma,,,,,,,,
 Rolant's Enforcer,,,,,,,,
 Scarecrow,,,,,,,,
 Shadowlands Tyrant,,,,,,,,
 Stonescar Outfitter,,,,,,,,
 Stonescar Scrapper,,,,,,,,
 Stray into Shadow,,,,,,,,
" Tasbu, the Forbidden",,,,,,,,
 The End is Near,,,,,,,,
 Triggerman,,,,,,,,
 Umbren Coaxer,,,,,,,,
 Umbren Reaper,,,,,,,,
 Umbren Thirster,,,,,,,,
 Unspeakable Torment,,,,,,,,
 Wretched Talon,,,,,,,,
 Argenport Ringmaster,,,,,,,,
 Aurapiercer,,,,,,,,
 Auric Captain,,,,,,,,
 Blade of the Worthy,,,,,,,,
 Bloodlust,,,,,,,,
 Cut Ties,,,,,,,,
 Dark Betrayal,,,,,,,,
 Direwood Prowler,,,,,,,,
 Direwood Rampager,,,,,,,,
" Dizo, Cabal Chairman",,,,,,,,
 Drifting Death,,,,,,,,
 End of the Line,,,,,,,,
" Eremot, the Gathering Dark",,,,,,,,
 Finback Komonat,,,,,,,,
 Gunrustler,,,,,,,,
 Horsesnatcher Bat,,,,,,,,
 Hostile Takeover,,,,,,,,
 Hunting Anoura,,,,,,,,
" Icaria, First Reaper",,,,,,,,
 Imprison,,,,,,,,
 Inevitable Horror,,,,,,,,
" Karvet, Solar Dragon",,,,,,,,
 Malediction Reader,,,,,,,,
 Noxious Wyvarch,,,,,,,,
 Pale Rider's Timepiece,,,,,,,,
 Sadistic Glee,,,,,,,,
 Severin of the Dark,,,,,,,,
 Slimespitter Slug,,,,,,,,
 Solitude,,,,,,,,
 Spirit Drain,,,,,,,,
 Spore-Spitter,,,,,,,,
" Uldra, Veilripper",,,,,,,,
 Vara's Sanctum,,,,,,,,
 Whispers in the Void,,,,,,,,
 Winnow,,,,,,,,
" Zelia, the Vain",,,,,,,,
 Azindel's Gift,,,,,,,,
 Banewulf,,,,,,,,
 Cabal Rogue,,,,,,,,
 Dangerous Bargain,,,,,,,,
 Direwood Lurker,,,,,,,,
 Dizo's Office,,,,,,,,
" Eremot, Death Incarnate",,,,,,,,
 Fear Made Flesh,,,,,,,,
 Inspire Obedience,,,,,,,,
 Repulsive Gorger,,,,,,,,
 Sewer Kraken,,,,,,,,
 Shadowlands Feaster,,,,,,,,
 Sleepless Night,,,,,,,,
 The Unforgiven,,,,,,,,
" Vara, Limitless",,,,,,,,
 Venomspine Hydra,,,,,,,,
 Encroaching Darkness,,,,,,,,
 Improvised Club,,,,,,,,
 Nametaker,,,,,,,,
 Touch of the Umbren,,,,,,,,
 Umbren Occluder,,,,,,,,
 Valkyrie Harvester,,,,,,,,
" Vara, Fate-Touched",,,,,,,,
 Vicious Rejuvenation,,,,,,,,
" Acantha, the Huntress",,,,,,,,
 Callous Survivalist,,,,,,,,
 The Last Word,,,,,,,,
 The Tormentor,,,,,,,,
 The Witching Hour,,,,,,,,
 Crest of Impulse,,,,,,,,
 Praxis Banner,,,,,,,,
 Praxis Insignia,,,,,,,,
 Praxis Vow,,,,,,,,
 Seat of Impulse,,,,,,,,
 Alluring Ember,,,,,,,,
 Totemite Pup,,,,,,,,
" Brenn, Chronicler of Ages",,,,,,,,
 Kairos' Choice,,,,,,,,
 Noble Firemane,,,,,,,,
 Purify,,,,,,,,
 Sandblast Mage,,,,,,,,
 Waker of Ancients,,,,,,,,
 Auralian Supplier,,,,,,,,
 Champion of Impulse,,,,,,,,
 East Annex Smuggler,,,,,,,,
 Journeyman Armorer,,,,,,,,
 Magus of Celerity,,,,,,,,
 Mysterium Orb,,,,,,,,
" Ramba, Arena Showman",,,,,,,,
 Strange Gladiator,,,,,,,,
" Angelica, Praxis Infuser",,,,,,,,
 Brilliant Discovery,,,,,,,,
 Cheering Section,,,,,,,,
 Clever Stranger,,,,,,,,
 Diogo Málaga,,,,,,,,
 Monolith Guardian,,,,,,,,
 Recombobulate,,,,,,,,
 Solwatcher Tota,,,,,,,,
 Victor's Feast,,,,,,,,
 Arcanum Monitor,,,,,,,,
" Darya, Warrior Poet",,,,,,,,
 Sandglass Juggernaut,,,,,,,,
 Shatterglass Mage,,,,,,,,
 Stoneshell Walker,,,,,,,,
 Talir's Choice,,,,,,,,
 Workshop Forge,,,,,,,,
 Champion Grappler,,,,,,,,
 Otherworldly Visitor,,,,,,,,
Unlock the Vault,,,,,,,,
 Heart of the Vault,,,,,,,,
 Moment of Creation,,,,,,,,
 Sandglass Sentinel,,,,,,,,
 Gladiator Brawler,,,,,,,,
" Kairos, Grand Champion",,,,,,,,
 Crest of Glory,,,,,,,,
 Rakano Banner,,,,,,,,
 Rakano Cylix,,,,,,,,
 Rakano Insignia,,,,,,,,
 Seat of Glory,,,,,,,,
 Fearless Nomad,,,,,,,,
 Mark of the Forge,,,,,,,,
 Acclaimed Artisan,,,,,,,,
 Bear Arms,,,,,,,,
 Champion of Glory,,,,,,,,
 Friends in Low Places,,,,,,,,
 Highland Sharpshooter,,,,,,,,
 Ijin's Choice,,,,,,,,
" Ironthorn, Lawman",,,,,,,,
 Rakano Artisan,,,,,,,,
 Rujin's Choice,,,,,,,,
 Bulletshaper,,,,,,,,
 Crownwatch Deserter,,,,,,,,
" Ijin, Imperial Armorer",,,,,,,,
 Keeper's Shield,,,,,,,,
" Milos, Unwavering Idealist",,,,,,,,
 Red Canyon Smuggler,,,,,,,,
 Sower of Dissent,,,,,,,,
 Sword of Icaria,,,,,,,,
 Whirling Duo,,,,,,,,
 Battleblur Centaur,,,,,,,,
 Conspicuous Traveler,,,,,,,,
" Eaton, Seditious Noble",,,,,,,,
 Gatekeeper's Halberd,,,,,,,,
 Ijin's Workshop,,,,,,,,
 Longhorn Sergeant,,,,,,,,
" Marley, Heroic Marshal",,,,,,,,
 Mithril Armor,,,,,,,,
" Navani, Warsinger",,,,,,,,
 Renegade Valkyrie,,,,,,,,
 Righteous Fury,,,,,,,,
 Rise to the Challenge,,,,,,,,
 Strange Blacksmith,,,,,,,,
 Tinker Dronedropper,,,,,,,,
 Deepforged Plate,,,,,,,,
 Field Captain,,,,,,,,
 Hammer of Glory,,,,,,,,
 Zealous Artisan,,,,,,,,
 Deadeye,,,,,,,,
 Ferocious Stranger,,,,,,,,
" Jekk, the Bounty Hunter",,,,,,,,
 Ordnance Scavenger,,,,,,,,
" Rizahn, Greatbow Master",,,,,,,,
" Rujin, Conflict Within",,,,,,,,
 Starsteel Daisho,,,,,,,,
" Icaria, the Liberator",,,,,,,,
 Crest of Fury,,,,,,,,
 Seat of Fury,,,,,,,,
 Skycrag Banner,,,,,,,,
 Skycrag Cylix,,,,,,,,
 Skycrag Insignia,,,,,,,,
 Champion of Fury,,,,,,,,
" Crill, Clan Raider",,,,,,,,
 Geminon's Choice,,,,,,,,
 Kaleb's Choice,,,,,,,,
 Rockslide,,,,,,,,
 Spellbound Vestige,,,,,,,,
 Wizened Crone,,,,,,,,
 Blood-Sun Staff,,,,,,,,
 Calderan Cradle,,,,,,,,
 Clan Hero,,,,,,,,
" Crunch, the Hoarder",,,,,,,,
 Howling Peak Smuggler,,,,,,,,
 Iceberg Shineefinder,,,,,,,,
 Mighty Strikes,,,,,,,,
" Pokpok, Rockpacker",,,,,,,,
" Vadius, Clan Father",,,,,,,,
" Acedonis, Untainted",,,,,,,,
 Alpine Tracker,,,,,,,,
 Chunk Chunk,,,,,,,,
 Hunter's Harpoon,,,,,,,,
" Kaleb, Reborn",,,,,,,,
" Kenna, Uncontained",,,,,,,,
 Mortar,,,,,,,,
 Storm Glider,,,,,,,,
 Strange Tracker,,,,,,,,
 Unexpected Results,,,,,,,,
 Bloodthirsty Brawler,,,,,,,,
 Burn Them All,,,,,,,,
 Garden of Omens,,,,,,,,
" Geminon, the Double Helix",,,,,,,,
 Geminon's Berserker,,,,,,,,
 Iceberg Warchief,,,,,,,,
" Tamarys, the Geomancer",,,,,,,,
 Howling Peak,,,,,,,,
 Knucklebones,,,,,,,,
 Spitflame Draconus,,,,,,,,
 Towering Stranger,,,,,,,,
" Crill, Merciless Pillager",,,,,,,,
 Topaz Drake,,,,,,,,
 Edge of Uprising,,,,,,,,
 Molot & Nakova,,,,,,,,
 Decimation,,,,,,,,
 Crest of Chaos,,,,,,,,
 Seat of Chaos,,,,,,,,
 Stonescar Banner,,,,,,,,
 Stonescar Insignia,,,,,,,,
 Stonescar Vow,,,,,,,,
 Combust,,,,,,,,
 Open Contract,,,,,,,,
 Dracowitch Razca,,,,,,,,
 Hair-Trigger Stranger,,,,,,,,
 Obsidian Armor,,,,,,,,
 Obsidian Golem,,,,,,,,
 Quarry,,,,,,,,
" Syl, Cabal Strongarm",,,,,,,,
 Treachery,,,,,,,,
 Voprex's Choice,,,,,,,,
" Wyatt, Junk Collector",,,,,,,,
 Bloodrite Kalis,,,,,,,,
 Brimstone Altar,,,,,,,,
 Cen Wastes Smuggler,,,,,,,,
 Champion of Chaos,,,,,,,,
 Overwinder,,,,,,,,
 Recycler,,,,,,,,
 Shrine to Karvet,,,,,,,,
 Bandit Queen,,,,,,,,
 Black Iron Manacles,,,,,,,,
" Buh-ton, Death's Reach",,,,,,,,
 Clan Huntcaller,,,,,,,,
 Cremate,,,,,,,,
" Dakus, Ancient Flame",,,,,,,,
 Statuary Maiden,,,,,,,,
 Stonescar Pickaxe,,,,,,,,
 Strange Burglar,,,,,,,,
 Jekk's Choice,,,,,,,,
 Runic Revolver,,,,,,,,
 Scraptank,,,,,,,,
" Syl, Hand of the Cabal",,,,,,,,
 Vicious Highwayman,,,,,,,,
 Warband Chieftain,,,,,,,,
 Burning Cruelty,,,,,,,,
 Cinder Dragon,,,,,,,,
 Failed Reflection,,,,,,,,
 Infernal Tyrant,,,,,,,,
" Jekk, Lone Gun",,,,,,,,
 Premature Burial,,,,,,,,
 Smuggler's Stash,,,,,,,,
 Cruel Wyvarch,,,,,,,,
 Stonescar Leviathan,,,,,,,,
" Voprex, the Great Ruin",,,,,,,,
" Voprex, Hope's End",,,,,,,,
 Combrei Banner,,,,,,,,
 Combrei Insignia,,,,,,,,
 Combrei Vow,,,,,,,,
 Crest of Progress,,,,,,,,
 Seat of Progress,,,,,,,,
" Alessi, Combrei Archmage",,,,,,,,
 Aamri's Choice,,,,,,,,
 Awakened Student,,,,,,,,
 Desert Marshal,,,,,,,,
" Genetrix Irel, Wayward",,,,,,,,
 Hammer of Unity,,,,,,,,
" Harga, Armory Warden",,,,,,,,
 Intrepid Longhorn,,,,,,,,
" Jaril, Amaran Ghostblade",,,,,,,,
 Pillar of Progress,,,,,,,,
 Safe Return,,,,,,,,
 Shush,,,,,,,,
 Auric Record Keeper,,,,,,,,
 Authoritarian Creation,,,,,,,,
 Combrei Emissary,,,,,,,,
 Combrei Healer,,,,,,,,
" Gerrit, Throne Guardian",,,,,,,,
 Knight-Chancellor Siraf,,,,,,,,
 Pearl Abbey Smuggler,,,,,,,,
 Qirin Ascendant,,,,,,,,
 Stand Together,,,,,,,,
 Strange Duelist,,,,,,,,
 Vodakhan's Staff,,,,,,,,
 Copperhall Elite,,,,,,,,
" Diana, Faith's Shield",,,,,,,,
 Enlightened Stranger,,,,,,,,
 Genetrix Irel IV,,,,,,,,
 Karmic Guardian,,,,,,,,
 Penitent Bull,,,,,,,,
 Sword of Unity,,,,,,,,
 The Great Parliament,,,,,,,,
" Aamri, Dragonbane",,,,,,,,
 Reality Warden,,,,,,,,
 Serene Meditant,,,,,,,,
 Shen-Ra Speaks,,,,,,,,
 Stronghold's Visage,,,,,,,,
 Champion of Progress,,,,,,,,
" Maeve, Walker of Aeons",,,,,,,,
 Minotaur Ambassador,,,,,,,,
 Siraf's Choice,,,,,,,,
" Vodakhan, Temple Speaker",,,,,,,,
 A New Tomorrow,,,,,,,,
 Crest of Wisdom,,,,,,,,
 Elysian Banner,,,,,,,,
 Elysian Cylix,,,,,,,,
 Elysian Insignia,,,,,,,,
 Seat of Wisdom,,,,,,,,
 Dragon's Eye,,,,,,,,
 Call the Ancients,,,,,,,,
" Derry Cathain, Ripclaw Rider",,,,,,,,
 Equivocate,,,,,,,,
 Honeypot,,,,,,,,
 Majestic Skies,,,,,,,,
 Party Pair,,,,,,,,
 Sodi's Choice,,,,,,,,
 Storm Lynx,,,,,,,,
 Stormtamer's Mount,,,,,,,,
 Titan,,,,,,,,
 Torgov's Trading Post,,,,,,,,
 Twinning Ritual,,,,,,,,
 Wanderlust Qirin,,,,,,,,
 Wump & Mizo,,,,,,,,
 Accelerated Evolution,,,,,,,,
 Amaran Camel,,,,,,,,
 Avisaur Patriarch,,,,,,,,
 Crown of Possibilities,,,,,,,,
 False Prince,,,,,,,,
 Great Valley Smuggler,,,,,,,,
 Pteriax Hatchling,,,,,,,,
 Rolling Spikeback,,,,,,,,
 Sodi the Metamorph,,,,,,,,
 Sodi's Spellshaper,,,,,,,,
 Strange Sorcerer,,,,,,,,
" Albon Roa, of the Order",,,,,,,,
 Champion of Wisdom,,,,,,,,
 Cirso's Choice,,,,,,,,
 Crystalline Chalice,,,,,,,,
" Danica, Runed Witch",,,,,,,,
 Nesting Avisaur,,,,,,,,
 Scaletender,,,,,,,,
 Albon Shade,,,,,,,,
" Albon, Fallen",,,,,,,,
 Bazaar Stampede,,,,,,,,
" Cirso, the Great Glutton",,,,,,,,
 Colossal Pteriax,,,,,,,,
 Explorer Emeritus,,,,,,,,
 Hunting Pteriax,,,,,,,,
 Ila & Mizo,,,,,,,,
 Fortunate Stranger,,,,,,,,
" Curiox, the Collector",,,,,,,,
 Shimmerpack,,,,,,,,
 Tunneling Gargantua,,,,,,,,
 Crest of Mystery,,,,,,,,
 Seat of Mystery,,,,,,,,
 Xenan Banner,,,,,,,,
 Xenan Cylix,,,,,,,,
 Xenan Insignia,,,,,,,,
 Bloodcall Invocation,,,,,,,,
 Nahid's Faithful,,,,,,,,
 Xultan Cultist,,,,,,,,
 Blistersting Wasp,,,,,,,,
 Endless Nightmare,,,,,,,,
 Hasty Builder,,,,,,,,
 Helici,,,,,,,,
 Lethrai Courtier,,,,,,,,
 Mitotic Wisp,,,,,,,,
 Nahid's Choice,,,,,,,,
 Spire Shadows,,,,,,,,
 Strange Navigator,,,,,,,,
 The Merriest Mandrake,,,,,,,,
 Vara's Choice,,,,,,,,
 Worthy Cause,,,,,,,,
" Zhen-Zu, Hand of Nahid",,,,,,,,
" Ayan, the Abductor",,,,,,,,
 Banish,,,,,,,,
 Cursed Prophet Deleph,,,,,,,,
 Ebon Dune Smuggler,,,,,,,,
 Restless Radiant,,,,,,,,
 Sadistic Ritualist,,,,,,,,
 Shadowlands Bonepicker,,,,,,,,
 Sunset Stone,,,,,,,,
" Azindel, the Wayfinder",,,,,,,,
" Coslo, Friendly Scavenger",,,,,,,,
 Cruciation,,,,,,,,
 Dread,,,,,,,,
 Duskwalker,,,,,,,,
" Katra, the Devoted",,,,,,,,
" Katra, The First Seal",,,,,,,,
 Mask of Torment,,,,,,,,
 Preserver of Dualities,,,,,,,,
 Xenan Augury,,,,,,,,
 Xenan Cupbearer,,,,,,,,
 Agile Deathjaw,,,,,,,,
 Bloodcall Invoker,,,,,,,,
 Xenan Temple,,,,,,,,
 Blistersting Claws,,,,,,,,
 Champion of Mystery,,,,,,,,
 Eremot's Machinations,,,,,,,,
" Nahid, the Immortal",,,,,,,,
 Siphon Vitality,,,,,,,,
 Prophetic Stranger,,,,,,,,
 Unraveler of Destinies,,,,,,,,
" Azindel, Revealed",,,,,,,,
 Worldjoiner,,,,,,,,
 Crest of Order,,,,,,,,
 Hooru Banner,,,,,,,,
 Hooru Insignia,,,,,,,,
 Hooru Vow,,,,,,,,
 Seat of Order,,,,,,,,
 Electrostatic Distortion,,,,,,,,
" Aniyah, Master Sleuth",,,,,,,,
 Bring Down,,,,,,,,
" Kothon, the Far-Watcher",,,,,,,,
 Linebreaker's Shield,,,,,,,,
 Omen of Austerity,,,,,,,,
 Parul's Choice,,,,,,,,
 Vision of Austerity,,,,,,,,
 Aerialist Trainer,,,,,,,,
 Eilyn's Choice,,,,,,,,
 Hooru Pacifier,,,,,,,,
 Misery Walker,,,,,,,,
 Rime Conclave Smuggler,,,,,,,,
 Spellshield Architect,,,,,,,,
 Strange Rider,,,,,,,,
" Yojimba, Ghostblade",,,,,,,,
 Curse of Loneliness,,,,,,,,
 Forbidden-Rider Outcast,,,,,,,,
 Long Live the Queen,,,,,,,,
 Master's Lesson,,,,,,,,
" Rilgon, Hooru Operative",,,,,,,,
 Roshi the Entrancer,,,,,,,,
 Shelterwing Rider,,,,,,,,
 Shield Bash,,,,,,,,
" Svetya, Orene of Kosul",,,,,,,,
" Aniyah, Arctic Sheriff",,,,,,,,
 Archgryffyn Patriarch,,,,,,,,
 Champion of Order,,,,,,,,
 Deepwood Ranger,,,,,,,,
 Duelist's Blade,,,,,,,,
 Vorlunk Corps,,,,,,,,
" Brynn, Inner Strength",,,,,,,,
 Dying Sun Tapestry,,,,,,,,
 Gate Guardian,,,,,,,,
 Highwind Glider,,,,,,,,
 Korovyat Palace,,,,,,,,
 Kosul Brigade,,,,,,,,
 Meditative Stranger,,,,,,,,
" Nostrix, Lord of Visions",,,,,,,,
" Parul, Sealkeeper",,,,,,,,
" Eilyn, Clan Mother",,,,,,,,
 Aid of the Hooru,,,,,,,,
 Argenport Banner,,,,,,,,
 Argenport Cylix,,,,,,,,
 Argenport Insignia,,,,,,,,
 Crest of Vengeance,,,,,,,,
 Seat of Vengeance,,,,,,,,
 The Nightmare Gates,,,,,,,,
 Shattered Hopes,,,,,,,,
 Anointer of the Faithful,,,,,,,,
 Auric Bully,,,,,,,,
 Auric Vigilante,,,,,,,,
" Bartholo, Beguiling",,,,,,,,
 Eloz's Choice,,,,,,,,
 Eloz's Elite,,,,,,,,
 Lost Scroll,,,,,,,,
 Reborn Master,,,,,,,,
 Back for More,,,,,,,,
" Bartholo, the Seducer",,,,,,,,
 Bloodletter,,,,,,,,
 Cast into Shadow,,,,,,,,
 Hidden Road Smuggler,,,,,,,,
 Inquisitor's Halberd,,,,,,,,
 Resilient Wagoneer,,,,,,,,
 Rooftop Vigilante,,,,,,,,
 Slay,,,,,,,,
 Stonepowder Alchemist,,,,,,,,
 Strange Ally,,,,,,,,
 Unfinished Business,,,,,,,,
 Champion of Vengeance,,,,,,,,
 Crownwatch Traitor,,,,,,,,
 Howling Kurtarr,,,,,,,,
" Nivia, Most Devoted",,,,,,,,
 Regent's Tomb,,,,,,,,
" Rolant, Iron Tyrant",,,,,,,,
 Sanguine Sword,,,,,,,,
 Streetwise Informant,,,,,,,,
 Bereaved Stranger,,,,,,,,
 Inquisitor Makto,,,,,,,,
 Knight of Sorrow,,,,,,,,
 Oathbreaker,,,,,,,,
 Rolant's Choice,,,,,,,,
" Tavrod, Auric Broker",,,,,,,,
 Valkyrie Denouncer,,,,,,,,
" Eloz, Martial Scholar",,,,,,,,
 Unseen Execution,,,,,,,,
" Grinva, Judge of Battles",,,,,,,,
 Crest of Cunning,,,,,,,,
 Feln Banner,,,,,,,,
 Feln Insignia,,,,,,,,
 Feln Vow,,,,,,,,
 Seat of Cunning,,,,,,,,
 Raven,,,,,,,,
 Twilight Raptor,,,,,,,,
 Conservatory Alchemist,,,,,,,,
 Counterfeiter,,,,,,,,
 Essence Feast,,,,,,,,
 Felrauk's Choice,,,,,,,,
 Fortune Teller,,,,,,,,
 Gorgon Swiftblade,,,,,,,,
 Grim Stranger,,,,,,,,
 Lethrai Hideaway,,,,,,,,
 Rindra's Choice,,,,,,,,
 Tome of Horrors,,,,,,,,
 Blight Pass Smuggler,,,,,,,,
 Bloodscent Avisaur,,,,,,,,
 Feln Bloodcaster,,,,,,,,
 Feln Cauldron,,,,,,,,
 Gorgon Fanatic,,,,,,,,
 Haunting Scream,,,,,,,,
 Midnight Gale,,,,,,,,
" Oizio, Adaptive Spy",,,,,,,,
 Recurring Nightmare,,,,,,,,
 Skywalk Enforcer,,,,,,,,
 Strange Broker,,,,,,,,
 Trickster's Cloak,,,,,,,,
 Wretched Raven,,,,,,,,
 Ancient of the Ice Caves,,,,,,,,
 Cabal Spymaster,,,,,,,,
 Darktalon Wyvarch,,,,,,,,
 Feeding Time,,,,,,,,
 Kindo Shadowstep,,,,,,,,
 Lethrai Skystrider,,,,,,,,
" Rindra, Infiltrator",,,,,,,,
" Rindra, the Duskblade",,,,,,,,
 Champion of Cunning,,,,,,,,
 Spell Swipe,,,,,,,,
 Withering Witch,,,,,,,,
 Black-Sky Harbinger,,,,,,,,
 Felrauk the Outcast,,,,,,,,
 Plasma Primordial,,,,,,,,
" Zende, the Heart-Binder",,,,,,,,
" Nightmaw, Sight Unseen",,,,,,,,
 Snowcrush Animist,,,,,,,,
 Token of Creation,,,,,,,,
 Creation Chant,,,,,,,,
" Elham, Keen-Eyed",,,,,,,,
 Display of Creation,,,,,,,,
" Naoki, Valiant Warrior",,,,,,,,
 Edge of Prophecy,,,,,,,,
 Xulta Arcanum,,,,,,,,
 Token of Instinct,,,,,,,,
 Jennev Cargo,,,,,,,,
 Jennev Contraband,,,,,,,,
 Carnivorous Sauropod,,,,,,,,
 Display of Instinct,,,,,,,,
 Ruin Stalker,,,,,,,,
" Diogo Málaga, Elonze",,,,,,,,
" Curiox, Insatiable Seeker",,,,,,,,
" Zal Chi, Herald of War",,,,,,,,
 Token of Destruction,,,,,,,,
 Destruction Chant,,,,,,,,
" Vox, Nurturing Sadist",,,,,,,,
 Display of Destruction,,,,,,,,
 Profane Nexus,,,,,,,,
" Dova, the Fearmonger",,,,,,,,
 Possessed by Horrors,,,,,,,,
 Awakened Gorger,,,,,,,,
 Token of Honor,,,,,,,,
 Ixtun Cargo,,,,,,,,
 Ixtun Contraband,,,,,,,,
 Display of Honor,,,,,,,,
 Vargo Redclaw,,,,,,,,
 Kosul Beastmaster,,,,,,,,
" Quinn, Lone Wanderer",,,,,,,,
 Enemy of My Enemy,,,,,,,,
 Token of Ambition,,,,,,,,
 Winchest Cargo,,,,,,,,
 Winchest Contraband,,,,,,,,
 Display of Ambition,,,,,,,,
 Blaze,,,,,,,,
 Brel's Mallet,,,,,,,,
" Camrin, the Fox",,,,,,,,
" Brel, Solist Apostate",,,,,,,,
 Token of Menace,,,,,,,,
 Menace Chant,,,,,,,,
" Razca, Rewarded",,,,,,,,
 Display of Menace,,,,,,,,
 Skylord Tolek,,,,,,,,
 Den of Ordeals,,,,,,,,
 Razorpain Hellkite,,,,,,,,
 Nakova & Molot,,,,,,,,
 Token of Tradition,,,,,,,,
 Tradition Chant,,,,,,,,
" Kaspar, Oren of Kosul",,,,,,,,
 Display of Tradition,,,,,,,,
 Bastion of the Dawn,,,,,,,,
 Sorcerer's Wand,,,,,,,,
" Wren, Traditionalist",,,,,,,,
 Token of Vision,,,,,,,,
 Kerendon Cargo,,,,,,,,
 Kerendon Contraband,,,,,,,,
 Bleak Basin Guide,,,,,,,,
Display of Vision,,,,,,,,
" Andrik, Renegade Priest",,,,,,,,
" Grinva, Breaker of Will",,,,,,,,
 Token of Knowledge,,,,,,,,
 Auralian Cargo,,,,,,,,
 Auralian Contraband,,,,,,,,
 Display of Knowledge,,,,,,,,
 Tumbling Sloth,,,,,,,,
" Severin, the Mad Mage",,,,,,,,
 Cirso's Cleaver,,,,,,,,
 Talir's Unwinding,,,,,,,,
 Token of Purpose,,,,,,,,
 Purpose Chant,,,,,,,,
" Keelo, Bold Innovator",,,,,,,,
 Display of Purpose,,,,,,,,
 Outcast Fortress,,,,,,,,
" Zadia, Revered Outcast",,,,,,,,
 Agent of Purpose,,,,,,,,
 Triumphant Stranger,,,,,,,,
 Nictotraxian,,,,,,,,
 Lastlight Judgement,,,,,,,,
 Ancient Manual,,,,,,,,
 Chairman's Contract,,,,,,,,
 Common Cause,,,,,,,,
 Diplomatic Seal,,,,,,,,
 Sacred Seal,,,,,,,,
 Seal of Devotion,,,,,,,,
 Sealed Writ,,,,,,,,
 Tempting Offer,,,,,,,,
 Animated Sentinel,,,,,,,,
 Golem,,,,,,,,
 Power Burst,,,,,,,,
 Spiked Helm,,,,,,,,
 Stranger's Mark,,,,,,,,
 Alchemist's Concoction,,,,,,,,
 Astromancer's Compass,,,,,,,,
 Explorer,,,,,,,,
 Family Charter,,,,,,,,
 Horus Traver,,,,,,,,
 Nightmare Prism,,,,,,,,
 Rage,,,,,,,,
 Seek Power,,,,,,,,
 Sidearm,,,,,,,,
 Stone Cudgel,,,,,,,,
 Veteran Strategist,,,,,,,,
 Wandering Beholder,,,,,,,,
 Worn Shield,,,,,,,,
 Argenport Stranger,,,,,,,,
 Bannerman,,,,,,,,
 Beseech the Throne,,,,,,,,
 Combrei Stranger,,,,,,,,
 Daze,,,,,,,,
 Elysian Stranger,,,,,,,,
 Evenhanded Golem,,,,,,,,
 Feln Stranger,,,,,,,,
 Fixit,,,,,,,,
 Guard Tower,,,,,,,,
 Hooru Stranger,,,,,,,,
 Petition,,,,,,,,
 Praxis Stranger,,,,,,,,
 Rakano Stranger,,,,,,,,
 Recon Tower,,,,,,,,
 Reunite,,,,,,,,
 Seek Answers,,,,,,,,
 Skycrag Stranger,,,,,,,,
 Stonescar Stranger,,,,,,,,
 Treasure Trove,,,,,,,,
 Unfamiliar Interloper,,,,,,,,
 Unfamiliar Interloper Shade,,,,,,,,
 Unity Within,,,,,,,,
 Varret the Mighty,,,,,,,,
 Varret the Stealthy,,,,,,,,
 Varret the Wise,,,,,,,,
" Varret, Hero-in-Training",,,,,,,,
 Xenan Stranger,,,,,,,,
 Alchemical Blast,,,,,,,,
 Disrupt,,,,,,,,
 Forsworn Stranger,,,,,,,,
 Iron Hook,,,,,,,,
 Makeshift Barrier,,,,,,,,
 Prism Golem,,,,,,,,
 Replicator Engine,,,,,,,,
 Whirly-Twirly,,,,,,,,
 Worldshaper's Staff,,,,,,,,
 Mask Maker,,,,,,,,
 Momentum Builder,,,,,,,,
 Rotorcycle,,,,,,,,
 Sword of Judgement,,,,,,,,
 Traver's Farm,,,,,,,,
 Veteran Mercenary,,,,,,,,
 Wasteland Broker,,,,,,,,
 Worldpyre,,,,,,,,
" Caiphus, Wandering King",,,,,,,,
 Determination Engine,,,,,,,,
 Dragon,,,,,,,,
 Rumbling Contraption,,,,,,,,
 Word of Sol,,,,,,,,
 Wrath of Caiphus,,,,,,,,
 Spirit of Resistance,,,,,,,,
